{"date_update":1732861062,"FOOD":5.19999999999999967998688676917851125836023129522800445556640625e-5,"GOLD":4.69999999999999972378865453759289039226132445037364959716796875e-5,"WOOD":3.40399999999999993490103211701836016800370998680591583251953125e-5,"STONE":4.00000000000000032721221565612523818344925530254840850830078125e-5,"PLANKS":0.0566666700000000023162982643043505959212779998779296875,"SOUP":0.03529411999999999827171137667392031289637088775634765625,"INGOT":0.02010953000000000046032511136218090541660785675048828125,"is_cash":false}