{"date_update":1738317017,"FOOD":7.79999999999999985879350905548790251486934721469879150390625e-6,"GOLD":1.410000000000000052661867921965921368609997443854808807373046875e-5,"WOOD":1.5000000000000000380012861456169304119612206704914569854736328125e-5,"STONE":0.0003809999999999999910176018413920928651350550353527069091796875,"PLANKS":0.07649999999999999855671006798729649744927883148193359375,"SOUP":0.026900000000000000299760216648792265914380550384521484375,"INGOT":0.033300000000000003208544541166702401824295520782470703125,"is_cash":true}