{"date_update":1732609225,"FOOD":8.600000000000000330811766868777112904353998601436614990234375e-5,"GOLD":5.50000000000000019580691235088210078174597583711147308349609375e-5,"WOOD":5.323999999999999848017406822719976844382472336292266845703125e-5,"STONE":8.0000000000000006544244313122504763668985106050968170166015625e-5,"PLANKS":0.06818180000000000073878680950656416825950145721435546875,"SOUP":0.03529411999999999827171137667392031289637088775634765625,"INGOT":0.025000000000000001387778780781445675529539585113525390625,"is_cash":true}