{"date_update":1731734711,"FOOD":0.0001140000000000000062762295360840880675823427736759185791015625,"GOLD":0.000107499999999999997358883507825311198757844977080821990966796875,"WOOD":7.2799999999999994164563699161618615107727237045764923095703125e-5,"STONE":8.33300000000000034607039456346910810680128633975982666015625e-5,"PLANKS":0.09180000000000000659472476627342985011637210845947265625,"SOUP":0.05000000000000000277555756156289135105907917022705078125,"INGOT":0.08894000000000000516475751055622822605073451995849609375,"is_cash":false}