{"date_update":1739386048,"FOOD":0.0002403700000000000042317538362368622983922250568866729736328125,"GOLD":0.00122999999999999997356281422611345988116227090358734130859375,"WOOD":0.0005460000000000000443256542581593748764134943485260009765625,"STONE":0.0003809999999999999910176018413920928651350550353527069091796875,"PLANKS":0.07317827000000000359225538204555050469934940338134765625,"SOUP":0.0230400000000000014510614931850795983336865901947021484375,"INGOT":0.040000000000000000832667268468867405317723751068115234375,"is_cash":false}