{"date_update":1734270337,"FOOD":2.4000000000000000608020578329870886591379530727863311767578125e-5,"GOLD":6.171999999999999860465782486329544553882442414760589599609375e-5,"WOOD":3.355000000000000234638697360622927590156905353069305419921875e-5,"STONE":5.00000000000000023960868011929647991564706899225711822509765625e-5,"PLANKS":0.09457000000000000128341781646668096072971820831298828125,"SOUP":0.1558846200000000015162271438384777866303920745849609375,"INGOT":0.0960000000000000019984014443252817727625370025634765625,"is_cash":true}