{"date_update":1732661651,"FOOD":7.6500000000000002785098540680763790078344754874706268310546875e-5,"GOLD":4.50000000000000028341044788771085904954816214740276336669921875e-5,"WOOD":5.19999999999999967998688676917851125836023129522800445556640625e-5,"STONE":8.0000000000000006544244313122504763668985106050968170166015625e-5,"PLANKS":0.0566666700000000023162982643043505959212779998779296875,"SOUP":0.03529411999999999827171137667392031289637088775634765625,"INGOT":0.0249666699999999998349498042671257280744612216949462890625,"is_cash":false}