{"date_update":1736289437,"FOOD":1.086999999999999926459000321177228443048079498112201690673828125e-5,"GOLD":0.0001666700000000000017434664822957302021677605807781219482421875,"WOOD":0.000111739999999999997421125386143359037305344827473163604736328125,"STONE":0,"PLANKS":0.08989999999999999380495552259162650443613529205322265625,"SOUP":0.10499999999999999611421941381195210851728916168212890625,"INGOT":0.043900000000000001521005543736464460380375385284423828125,"is_cash":false}