{"date_update":1732227190,"FOOD":0.0001179999999999999950837936690817286944366060197353363037109375,"GOLD":9.2000000000000000071991024253037494418094865977764129638671875e-5,"WOOD":7.490000000000000455156745626794645431800745427608489990234375e-5,"STONE":8.2109999999999998200779505186375217817840166389942169189453125e-5,"PLANKS":0.07975000000000000144328993201270350255072116851806640625,"SOUP":0.049833330000000002069082682965017738752067089080810546875,"INGOT":0.036249999999999997501998194593397784046828746795654296875,"is_cash":true}