{"date_update":1732285447,"FOOD":5.00000000000000023960868011929647991564706899225711822509765625e-5,"GOLD":5.00000000000000023960868011929647991564706899225711822509765625e-5,"WOOD":5.25400000000000017941030605594932012536446563899517059326171875e-5,"STONE":8.0000000000000006544244313122504763668985106050968170166015625e-5,"PLANKS":0.07799999999999999988897769753748434595763683319091796875,"SOUP":0.049833330000000002069082682965017738752067089080810546875,"INGOT":0.036249999999999997501998194593397784046828746795654296875,"is_cash":false}