{"date_update":1731095739,"FOOD":0.0001068999999999999963272434566619040197110734879970550537109375,"GOLD":0.0001636399999999999985665632973308447617455385625362396240234375,"WOOD":0.00018055999999999999242224213436003310562227852642536163330078125,"STONE":8.33300000000000034607039456346910810680128633975982666015625e-5,"PLANKS":0.1600000000000000033306690738754696212708950042724609375,"SOUP":0.05000000000000000277555756156289135105907917022705078125,"INGOT":0.08198999999999999344080237051457515917718410491943359375,"is_cash":true}