{"date_update":1733895951,"FOOD":3.78899999999999980630598084285765025924774818122386932373046875e-5,"GOLD":9.1000000000000002870099991003627337704529054462909698486328125e-5,"WOOD":5.42499999999999972803872705373606777357053942978382110595703125e-5,"STONE":4.00000000000000032721221565612523818344925530254840850830078125e-5,"PLANKS":0.0969669999999999976392217604370671324431896209716796875,"SOUP":0.1660000000000000086597395920762210153043270111083984375,"INGOT":0.0970000000000000028865798640254070051014423370361328125,"is_cash":false}