{"date_update":1733254284,"FOOD":9.1000000000000002870099991003627337704529054462909698486328125e-5,"GOLD":0.000375000000000000007806255641895631924853660166263580322265625,"WOOD":0.00019300000000000000206605565988837724944460205733776092529296875,"STONE":4.00000000000000032721221565612523818344925530254840850830078125e-5,"PLANKS":0.09888500000000000067501559897209517657756805419921875,"SOUP":0.181900000000000006128431095930864103138446807861328125,"INGOT":0.1000000000000000055511151231257827021181583404541015625,"is_cash":true}