{"date_update":1737221122,"FOOD":9.25999999999999943273674973820419609182863496243953704833984375e-6,"GOLD":2.27199999999999993106902795858559329644776880741119384765625e-5,"WOOD":1.2789999999999999516519556819194036734188557602465152740478515625e-5,"STONE":0.0003809999999999999910176018413920928651350550353527069091796875,"PLANKS":0.0813399999999999956390439592723851092159748077392578125,"SOUP":0.0919999999999999984456877655247808434069156646728515625,"INGOT":0.0362999999999999989341858963598497211933135986328125,"is_cash":false}