{"date_update":1731267772,"FOOD":8.422999999999999823190044434539913709159009158611297607421875e-5,"GOLD":0.00012899999999999999140964934696285126847214996814727783203125,"WOOD":9.7499999999999998234918863193598781435866840183734893798828125e-5,"STONE":8.33300000000000034607039456346910810680128633975982666015625e-5,"PLANKS":0.1000000000000000055511151231257827021181583404541015625,"SOUP":0.05000000000000000277555756156289135105907917022705078125,"INGOT":0.07900000000000000077715611723760957829654216766357421875,"is_cash":true}