{"date_update":1736247163,"FOOD":1.20000000000000003040102891649354432956897653639316558837890625e-5,"GOLD":0.0001666700000000000017434664822957302021677605807781219482421875,"WOOD":0.00015682000000000000626554363947207093588076531887054443359375,"STONE":0,"PLANKS":0.08989999999999999380495552259162650443613529205322265625,"SOUP":0.10666667000000000509185582586724194698035717010498046875,"INGOT":0.043900000000000001521005543736464460380375385284423828125,"is_cash":true}