{"date_update":1732072666,"FOOD":6.2999999999999999901988123607310399165726266801357269287109375e-5,"GOLD":5.45499999999999977962072961190642672590911388397216796875e-5,"WOOD":5.1849999999999999930090643918134674095199443399906158447265625e-5,"STONE":8.33300000000000034607039456346910810680128633975982666015625e-5,"PLANKS":0.08000000000000000166533453693773481063544750213623046875,"SOUP":0.049899999999999999911182158029987476766109466552734375,"INGOT":0.037499999999999998612221219218554324470460414886474609375,"is_cash":false}