{"date_update":1733550136,"FOOD":6.2799999999999995040599054529906197785749100148677825927734375e-5,"GOLD":0.0001759999999999999954237994703731828849413432180881500244140625,"WOOD":7.59000000000000017534584895173566110315732657909393310546875e-5,"STONE":4.00000000000000032721221565612523818344925530254840850830078125e-5,"PLANKS":0.096967999999999998639310661019408144056797027587890625,"SOUP":0.173999999999999988009591334048309363424777984619140625,"INGOT":0.0980000000000000037747582837255322374403476715087890625,"is_cash":true}