{"date_update":1735658415,"FOOD":2.02999999999999987637493148451284241673420183360576629638671875e-5,"GOLD":2.500000000000000119804340059648239957823534496128559112548828125e-5,"WOOD":2.099999999999999883795211153003634763081208802759647369384765625e-5,"STONE":0,"PLANKS":0.0926695700000000066598460080058430321514606475830078125,"SOUP":0.11388889000000000650825171533142565749585628509521484375,"INGOT":0.048199999999999999789057625321220257319509983062744140625,"is_cash":false}