{"date_update":1736655866,"FOOD":1.014999999999999938187465742256421208367100916802883148193359375e-5,"GOLD":0.000117859999999999999812337614368829008526518009603023529052734375,"WOOD":2.15000000000000008270294171719427822608849965035915374755859375e-5,"STONE":0.000248139999999999992519317260075695230625569820404052734375,"PLANKS":0.0864000000000000045741188614556449465453624725341796875,"SOUP":0.10277777999999999913871562284839455969631671905517578125,"INGOT":0.04220000000000000139888101102769724093377590179443359375,"is_cash":true}