{"date_update":1737193245,"FOOD":9.25999999999999943273674973820419609182863496243953704833984375e-6,"GOLD":2.4000000000000000608020578329870886591379530727863311767578125e-5,"WOOD":1.2999999999999999199967216922946278145900578238070011138916015625e-5,"STONE":0.0003809999999999999910176018413920928651350550353527069091796875,"PLANKS":0.0813399999999999956390439592723851092159748077392578125,"SOUP":0.0919999999999999984456877655247808434069156646728515625,"INGOT":0.036999999999999998168132009368491708301007747650146484375,"is_cash":false}