{"date_update":1733750225,"FOOD":4.05000000000000018730676731859574601912754587829113006591796875e-5,"GOLD":0.000112629999999999997370263293827719053297187201678752899169921875,"WOOD":5.94799999999999997224615910784706329650362022221088409423828125e-5,"STONE":4.00000000000000032721221565612523818344925530254840850830078125e-5,"PLANKS":0.096967999999999998639310661019408144056797027587890625,"SOUP":0.1666666699999999889936219688024721108376979827880859375,"INGOT":0.09799998000000000042408743183841579593718051910400390625,"is_cash":true}