{"date_update":1732427460,"FOOD":3.69999999999999981139219007442164866006351076066493988037109375e-5,"GOLD":4.50000000000000028341044788771085904954816214740276336669921875e-5,"WOOD":4.05000000000000018730676731859574601912754587829113006591796875e-5,"STONE":8.0000000000000006544244313122504763668985106050968170166015625e-5,"PLANKS":0.070000000000000006661338147750939242541790008544921875,"SOUP":0.03529411999999999827171137667392031289637088775634765625,"INGOT":0.0299999999999999988897769753748434595763683319091796875,"is_cash":true}