{"date_update":1733138747,"FOOD":4.75999999999999982695265965393360829693847335875034332275390625e-5,"GOLD":0.000880000000000000031329105976141136125079356133937835693359375,"WOOD":0.0004000000000000000191686944095437183932517655193805694580078125,"STONE":4.00000000000000032721221565612523818344925530254840850830078125e-5,"PLANKS":0.0990000000000000046629367034256574697792530059814453125,"SOUP":0.0340000000000000024424906541753443889319896697998046875,"INGOT":0.02085700000000000053912430075797601602971553802490234375,"is_cash":true}