{"date_update":1733478381,"FOOD":7.1000000000000004622170701740202503060572780668735504150390625e-5,"GOLD":0.0002120000000000000031120939159023919273749925196170806884765625,"WOOD":8.7079999999999999744058898354381881290464662015438079833984375e-5,"STONE":4.00000000000000032721221565612523818344925530254840850830078125e-5,"PLANKS":0.096967999999999998639310661019408144056797027587890625,"SOUP":0.173999999999999988009591334048309363424777984619140625,"INGOT":0.0980000000000000037747582837255322374403476715087890625,"is_cash":false}