{"date_update":1735688062,"FOOD":2.000000000000000163606107828062619091724627651274204254150390625e-5,"GOLD":2.339999999999999957638052716646370754460804164409637451171875e-5,"WOOD":1.860000000000000148765548491081034399030613712966442108154296875e-5,"STONE":0,"PLANKS":0.0926695700000000066598460080058430321514606475830078125,"SOUP":0.11250000000000000277555756156289135105907917022705078125,"INGOT":0.048199999999999999789057625321220257319509983062744140625,"is_cash":false}