{"date_update":1732991502,"FOOD":4.85100000000000014153088423451976041178568266332149505615234375e-5,"GOLD":4.3000000000000001654058834343885564521769993007183074951171875e-5,"WOOD":5.36699999999999994453915574954550038455636240541934967041015625e-5,"STONE":4.00000000000000032721221565612523818344925530254840850830078125e-5,"PLANKS":0.0566666700000000023162982643043505959212779998779296875,"SOUP":0.03529411999999999827171137667392031289637088775634765625,"INGOT":0.0208570999999999999452438004254872794263064861297607421875,"is_cash":true}