{"date_update":1733169067,"FOOD":9.77899999999999971524167197145516183809377253055572509765625e-5,"GOLD":0.000586040000000000020109747200791616705828346312046051025390625,"WOOD":0.00028899999999999997739308366107024994562380015850067138671875,"STONE":4.00000000000000032721221565612523818344925530254840850830078125e-5,"PLANKS":0.0990000000000000046629367034256574697792530059814453125,"SOUP":0.033599999999999997923882943950957269407808780670166015625,"INGOT":0.02085599999999999953903540017563500441610813140869140625,"is_cash":false}