{"date_update":1732870782,"FOOD":4.89899999999999968196100208484011773180100135505199432373046875e-5,"GOLD":4.800000000000000121604115665974177318275906145572662353515625e-5,"WOOD":3.93600000000000026234570071892449050210416316986083984375e-5,"STONE":4.00000000000000032721221565612523818344925530254840850830078125e-5,"PLANKS":0.0566666700000000023162982643043505959212779998779296875,"SOUP":0.03529411999999999827171137667392031289637088775634765625,"INGOT":0.0210953000000000008562484055119057302363216876983642578125,"is_cash":false}