{"date_update":1736637147,"FOOD":1.014999999999999938187465742256421208367100916802883148193359375e-5,"GOLD":0.000118499999999999993684739185706433772793388925492763519287109375,"WOOD":2.235999999999999936933260669125189679107279516756534576416015625e-5,"STONE":0.000248139999999999992519317260075695230625569820404052734375,"PLANKS":0.0864000000000000045741188614556449465453624725341796875,"SOUP":0.10277777999999999913871562284839455969631671905517578125,"INGOT":0.04220000000000000139888101102769724093377590179443359375,"is_cash":true}