{"date_update":1733697875,"FOOD":4.33300000000000001885817890734386992335203103721141815185546875e-5,"GOLD":0.00013009999999999999104223491475096352587570436298847198486328125,"WOOD":6.35599999999999945403394985277145678992383182048797607421875e-5,"STONE":4.00000000000000032721221565612523818344925530254840850830078125e-5,"PLANKS":0.096967999999999998639310661019408144056797027587890625,"SOUP":0.1700000000000000122124532708767219446599483489990234375,"INGOT":0.09799998000000000042408743183841579593718051910400390625,"is_cash":false}