{"date_update":1738576205,"FOOD":7.600000000000000079602123503885735544827184639871120452880859375e-6,"GOLD":1.315999999999999936213350426594814734926330856978893280029296875e-5,"WOOD":1.02999999999999996397846702134160068453638814389705657958984375e-5,"STONE":0.0003809999999999999910176018413920928651350550353527069091796875,"PLANKS":0.07649999999999999855671006798729649744927883148193359375,"SOUP":0.02520000000000000017763568394002504646778106689453125,"INGOT":0.033300000000000003208544541166702401824295520782470703125,"is_cash":true}