{"date_update":1733593781,"FOOD":5.59999999999999991599601567582311645310255698859691619873046875e-5,"GOLD":0.00015499999999999999997397914786034789358382113277912139892578125,"WOOD":7.27600000000000013238021789874210298876278102397918701171875e-5,"STONE":4.00000000000000032721221565612523818344925530254840850830078125e-5,"PLANKS":0.096967999999999998639310661019408144056797027587890625,"SOUP":0.173999999999999988009591334048309363424777984619140625,"INGOT":0.0980000000000000037747582837255322374403476715087890625,"is_cash":false}