{"date_update":1739357920,"FOOD":0.0002403700000000000042317538362368622983922250568866729736328125,"GOLD":0.00133091000000000003571087869858047270099632441997528076171875,"WOOD":0.000599999999999999947437878677902745039318688213825225830078125,"STONE":0.0003809999999999999910176018413920928651350550353527069091796875,"PLANKS":0.07317827000000000359225538204555050469934940338134765625,"SOUP":0.023500000000000000055511151231257827021181583404541015625,"INGOT":0.040000000000000000832667268468867405317723751068115234375,"is_cash":false}