{"date_update":1736357886,"FOOD":1.0499999999999999418976055765018173815406044013798236846923828125e-5,"GOLD":0.000155999999999999997175870181109758050297386944293975830078125,"WOOD":7.490999999999999937362604729429449434974230825901031494140625e-5,"STONE":0,"PLANKS":0.08980000000000000481836792687317938543856143951416015625,"SOUP":0.10499999999999999611421941381195210851728916168212890625,"INGOT":0.04370000000000000273114864057788508944213390350341796875,"is_cash":false}