{"date_update":1733436448,"FOOD":7.349999999999999762689828486372789484448730945587158203125e-5,"GOLD":0.00023519999999999999782708537399145143353962339460849761962890625,"WOOD":9.60000000000000024320823133194835463655181229114532470703125e-5,"STONE":4.00000000000000032721221565612523818344925530254840850830078125e-5,"PLANKS":0.096967999999999998639310661019408144056797027587890625,"SOUP":0.173999999999999988009591334048309363424777984619140625,"INGOT":0.0980000000000000037747582837255322374403476715087890625,"is_cash":false}