{"date_update":1736494500,"FOOD":1.054000000000000073006704848221914971873047761619091033935546875e-5,"GOLD":0.000137269999999999991850685443495194704155437648296356201171875,"WOOD":3.899999999999999929396754527743951257434673607349395751953125e-5,"STONE":0,"PLANKS":0.08812499999999999500399638918679556809365749359130859375,"SOUP":0.10416667000000000287140977661692886613309383392333984375,"INGOT":0.042500000000000003053113317719180486164987087249755859375,"is_cash":false}