{"date_update":1733318553,"FOOD":8.380000000000000404294653311154661423643119633197784423828125e-5,"GOLD":0.000303400000000000002152444888992022242746315896511077880859375,"WOOD":0.0001577999999999999867182631785311741623445414006710052490234375,"STONE":4.00000000000000032721221565612523818344925530254840850830078125e-5,"PLANKS":0.09888500000000000067501559897209517657756805419921875,"SOUP":0.1808333299999999865814714894440839998424053192138671875,"INGOT":0.1000000000000000055511151231257827021181583404541015625,"is_cash":true}