{"date_update":1739308821,"FOOD":0.0002403700000000000042317538362368622983922250568866729736328125,"GOLD":0.0014897000000000000519140286314723198302090167999267578125,"WOOD":0.000729950000000000043254289039396098814904689788818359375,"STONE":0.0003809999999999999910176018413920928651350550353527069091796875,"PLANKS":0.074651159999999994187902530029532499611377716064453125,"SOUP":0.023500000000000000055511151231257827021181583404541015625,"INGOT":0.040000000000000000832667268468867405317723751068115234375,"is_cash":false}