{"date_update":1731529444,"FOOD":9.7499999999999998234918863193598781435866840183734893798828125e-5,"GOLD":9.2990000000000002451823466476099611099925823509693145751953125e-5,"WOOD":9.5710000000000003514584456798530709420447237789630889892578125e-5,"STONE":8.33300000000000034607039456346910810680128633975982666015625e-5,"PLANKS":0.0960000000000000019984014443252817727625370025634765625,"SOUP":0.05000000000000000277555756156289135105907917022705078125,"INGOT":0.0949666700000000030268410000644507817924022674560546875,"is_cash":true}