{"date_update":1733359070,"FOOD":8.0799999999999998884746277294510719002573750913143157958984375e-5,"GOLD":0.000280289999999999987941035062277705947053618729114532470703125,"WOOD":0.0001340000000000000045241588253475129022262990474700927734375,"STONE":4.00000000000000032721221565612523818344925530254840850830078125e-5,"PLANKS":0.09888500000000000067501559897209517657756805419921875,"SOUP":0.176999999999999990674126593148685060441493988037109375,"INGOT":0.0999899999999999955502261173023725859820842742919921875,"is_cash":true}