{"date_update":1735975573,"FOOD":1.7770000000000000964055224539350774648482911288738250732421875e-5,"GOLD":1.830000000000000097183545932910675446692039258778095245361328125e-5,"WOOD":1.2999999999999999199967216922946278145900578238070011138916015625e-5,"STONE":0,"PLANKS":0.08989999999999999380495552259162650443613529205322265625,"SOUP":0.10972221999999999531016925402582273818552494049072265625,"INGOT":0.04649999999999999966693309261245303787291049957275390625,"is_cash":true}