{"date_update":1731339579,"FOOD":6.00000000000000015200514458246772164784488268196582794189453125e-5,"GOLD":7.9599999999999996821466174967696360909030772745609283447265625e-5,"WOOD":6.433999999999999723672428064702444316935725510120391845703125e-5,"STONE":8.33300000000000034607039456346910810680128633975982666015625e-5,"PLANKS":0.1000000000000000055511151231257827021181583404541015625,"SOUP":0.05000000000000000277555756156289135105907917022705078125,"INGOT":0.07799999999999999988897769753748434595763683319091796875,"is_cash":false}