{"date_update":1733863049,"FOOD":3.899999999999999929396754527743951257434673607349395751953125e-5,"GOLD":9.212000000000000569932989691324110026471316814422607421875e-5,"WOOD":5.63399999999999992928052805485350518210907466709613800048828125e-5,"STONE":4.00000000000000032721221565612523818344925530254840850830078125e-5,"PLANKS":0.0969669999999999976392217604370671324431896209716796875,"SOUP":0.1666666699999999889936219688024721108376979827880859375,"INGOT":0.0970000000000000028865798640254070051014423370361328125,"is_cash":false}