{"date_update":1739036481,"FOOD":7.3000000000000004108150451764824850897639407776296138763427734375e-6,"GOLD":1.20000000000000003040102891649354432956897653639316558837890625e-5,"WOOD":8.70999999999999961644396584414806739005143754184246063232421875e-6,"STONE":0.0003809999999999999910176018413920928651350550353527069091796875,"PLANKS":0.07466667000000000442572201109214802272617816925048828125,"SOUP":0.023500000000000000055511151231257827021181583404541015625,"INGOT":0.040000000000000000832667268468867405317723751068115234375,"is_cash":false}