{"date_update":1732938223,"FOOD":4.894000000000000238052633161345283951959572732448577880859375e-5,"GOLD":4.50000000000000028341044788771085904954816214740276336669921875e-5,"WOOD":6.600000000000000506018837942434629439958371222019195556640625e-5,"STONE":4.00000000000000032721221565612523818344925530254840850830078125e-5,"PLANKS":0.0566666700000000023162982643043505959212779998779296875,"SOUP":0.03529411999999999827171137667392031289637088775634765625,"INGOT":0.0210953000000000008562484055119057302363216876983642578125,"is_cash":false}