{"date_update":1731058707,"FOOD":0.00011239999999999999449017129560246530672884546220302581787109375,"GOLD":0.000100000000000000004792173602385929598312941379845142364501953125,"WOOD":0.000221429999999999999223121438518546710838563740253448486328125,"STONE":8.33300000000000034607039456346910810680128633975982666015625e-5,"PLANKS":0.1640000000000000068833827526759705506265163421630859375,"SOUP":0.05000000000000000277555756156289135105907917022705078125,"INGOT":0.08200000000000000344169137633798527531325817108154296875,"is_cash":true}