{"date_update":1734559615,"FOOD":5.19999999999999967998688676917851125836023129522800445556640625e-5,"GOLD":3.899999999999999929396754527743951257434673607349395751953125e-5,"WOOD":2.415000000000000086593059112072268135307240299880504608154296875e-5,"STONE":5.00000000000000023960868011929647991564706899225711822509765625e-5,"PLANKS":0.09457000000000000128341781646668096072971820831298828125,"SOUP":0.1455882400000000076456529995994060300290584564208984375,"INGOT":0.09039999999999999424904473244168912060558795928955078125,"is_cash":true}