{"date_update":1739280899,"FOOD":0.00024149999999999998833051517710401867589098401367664337158203125,"GOLD":0.00163645999999999995459798451946653585764579474925994873046875,"WOOD":0.000811650000000000023357704659332512164837680757045745849609375,"STONE":0.0003809999999999999910176018413920928651350550353527069091796875,"PLANKS":0.074651159999999994187902530029532499611377716064453125,"SOUP":0.023500000000000000055511151231257827021181583404541015625,"INGOT":0.040000000000000000832667268468867405317723751068115234375,"is_cash":false}