{"date_update":1732301569,"FOOD":5.00000000000000023960868011929647991564706899225711822509765625e-5,"GOLD":5.00000000000000023960868011929647991564706899225711822509765625e-5,"WOOD":5.072000000000000227880214698217287150328047573566436767578125e-5,"STONE":8.0000000000000006544244313122504763668985106050968170166015625e-5,"PLANKS":0.07799999999999999988897769753748434595763683319091796875,"SOUP":0.049833330000000002069082682965017738752067089080810546875,"INGOT":0.0299999999999999988897769753748434595763683319091796875,"is_cash":true}