{"date_update":1734292238,"FOOD":6.9499999999999995266806995797281842897064052522182464599609375e-5,"GOLD":5.95000000000000029191059291999721381216659210622310638427734375e-5,"WOOD":3.2900000000000000099399655173471046509803272783756256103515625e-5,"STONE":5.00000000000000023960868011929647991564706899225711822509765625e-5,"PLANKS":0.09457000000000000128341781646668096072971820831298828125,"SOUP":0.153571430000000008764260428506531752645969390869140625,"INGOT":0.0960000000000000019984014443252817727625370025634765625,"is_cash":true}