{"date_update":1731592691,"FOOD":0.00016663999999999999017223639707907523188623599708080291748046875,"GOLD":8.9330000000000000224577301199957446442567743360996246337890625e-5,"WOOD":8.7499999999999999110954218561886364113888703286647796630859375e-5,"STONE":8.33300000000000034607039456346910810680128633975982666015625e-5,"PLANKS":0.09599000000000000587530024631632841192185878753662109375,"SOUP":0.05000000000000000277555756156289135105907917022705078125,"INGOT":0.0949666700000000030268410000644507817924022674560546875,"is_cash":true}