{"date_update":1733417606,"FOOD":7.5799999999999999322763954978654510341584682464599609375e-5,"GOLD":0.0002449999999999999920896609495457596494816243648529052734375,"WOOD":0.00010171999999999999510051640339014511482673697173595428466796875,"STONE":4.00000000000000032721221565612523818344925530254840850830078125e-5,"PLANKS":0.0988799999999999956745710960603901185095310211181640625,"SOUP":0.174999999999999988897769753748434595763683319091796875,"INGOT":0.0980000000000000037747582837255322374403476715087890625,"is_cash":true}