{"date_update":1733498788,"FOOD":6.7500000000000000863024929298461529469932429492473602294921875e-5,"GOLD":0.00020399999999999999839191133776949982348014600574970245361328125,"WOOD":8.296000000000000530915589269653764858958311378955841064453125e-5,"STONE":4.00000000000000032721221565612523818344925530254840850830078125e-5,"PLANKS":0.096967999999999998639310661019408144056797027587890625,"SOUP":0.173999999999999988009591334048309363424777984619140625,"INGOT":0.0980000000000000037747582837255322374403476715087890625,"is_cash":true}