{"date_update":1737972720,"FOOD":7.979999999999999829472345502789920601571793667972087860107421875e-6,"GOLD":1.599999999999999927596978921418013896982301957905292510986328125e-5,"WOOD":2.517999999999999947465634253518373952829279005527496337890625e-5,"STONE":0.0003809999999999999910176018413920928651350550353527069091796875,"PLANKS":0.07799999999999999988897769753748434595763683319091796875,"SOUP":0.0288999999999999986066701040954285417683422565460205078125,"INGOT":0.03490000000000000046629367034256574697792530059814453125,"is_cash":false}