{"date_update":1734288739,"FOOD":6.9499999999999995266806995797281842897064052522182464599609375e-5,"GOLD":5.9599999999999998573536885704271526265074498951435089111328125e-5,"WOOD":3.2900000000000000099399655173471046509803272783756256103515625e-5,"STONE":5.00000000000000023960868011929647991564706899225711822509765625e-5,"PLANKS":0.09457000000000000128341781646668096072971820831298828125,"SOUP":0.1558846200000000015162271438384777866303920745849609375,"INGOT":0.0960000000000000019984014443252817727625370025634765625,"is_cash":true}