{"date_update":1740848778,"FOOD":0.00020319000000000001122935078257114582811482250690460205078125,"GOLD":0.000331660000000000006019351683761442473041824996471405029296875,"WOOD":3.38000000000000016468597319185818150799605064094066619873046875e-5,"STONE":0.054780000000000002302602553072574664838612079620361328125,"PLANKS":0.07055999999999999772182235346917877905070781707763671875,"SOUP":0.458000000000000018207657603852567262947559356689453125,"INGOT":0.040000000000000000832667268468867405317723751068115234375,"is_cash":false}