{"date_update":1737381510,"FOOD":8.820000000000000257328880426399564385064877569675445556640625e-6,"GOLD":2.038000000000000138593130027953037597399088554084300994873046875e-5,"WOOD":1.1329999999999999942576316136477743157229269854724407196044921875e-5,"STONE":0.0003809999999999999910176018413920928651350550353527069091796875,"PLANKS":0.0813399999999999956390439592723851092159748077392578125,"SOUP":0.0859999999999999931166172473240294493734836578369140625,"INGOT":0.035599999999999999700239783351207734085619449615478515625,"is_cash":false}