{"date_update":1739191529,"FOOD":0.000249800000000000000342781358853017081855796277523040771484375,"GOLD":0.002405580000000000044646508712276045116595923900604248046875,"WOOD":0.00124649999999999999515665205507275459240190684795379638671875,"STONE":0.0003809999999999999910176018413920928651350550353527069091796875,"PLANKS":0.074651159999999994187902530029532499611377716064453125,"SOUP":0.023500000000000000055511151231257827021181583404541015625,"INGOT":0.040000000000000000832667268468867405317723751068115234375,"is_cash":true}