{"date_update":1733324269,"FOOD":8.2999999999999998149917412870735233809682540595531463623046875e-5,"GOLD":0.0002999999999999999737189393389513725196593441069126129150390625,"WOOD":0.00015119999999999998892274977180250061792321503162384033203125,"STONE":4.00000000000000032721221565612523818344925530254840850830078125e-5,"PLANKS":0.09888500000000000067501559897209517657756805419921875,"SOUP":0.1808333299999999865814714894440839998424053192138671875,"INGOT":0.0999899999999999955502261173023725859820842742919921875,"is_cash":true}