{"date_update":1741236658,"FOOD":0.00019980000000000000472295813569445499524590559303760528564453125,"GOLD":0.00025555000000000000458244553414033362059853971004486083984375,"WOOD":2.46000000000000016396606294932780656381510198116302490234375e-5,"STONE":0.0536999999999999977351450297646806575357913970947265625,"PLANKS":0.069000000000000005773159728050814010202884674072265625,"SOUP":0.449000000000000010214051826551440171897411346435546875,"INGOT":0.040000000000000000832667268468867405317723751068115234375,"is_cash":false}