{"date_update":1734785464,"FOOD":4.11099999999999977267663153757126792697818018496036529541015625e-5,"GOLD":3.30800000000000017641443861293737427331507205963134765625e-5,"WOOD":2.050000000000000023700659490533126927402918227016925811767578125e-5,"STONE":3.33300000000000010646171444417262819115421734750270843505859375e-5,"PLANKS":0.0945600000000000051603166184577275998890399932861328125,"SOUP":0.140230770000000004582574320011190138757228851318359375,"INGOT":0.08179999999999999771294056927217752672731876373291015625,"is_cash":true}