{"date_update":1735180945,"FOOD":2.871999999999999946269542416832365461232257075607776641845703125e-5,"GOLD":2.879999999999999869674562058552425014568143524229526519775390625e-5,"WOOD":6.475999999999999660361960085452892599278129637241363525390625e-5,"STONE":3.33300000000000010646171444417262819115421734750270843505859375e-5,"PLANKS":0.0926695700000000066598460080058430321514606475830078125,"SOUP":0.118055560000000003828546368822571821510791778564453125,"INGOT":0.062950000000000005950795411990839056670665740966796875,"is_cash":false}