{"date_update":1737042151,"FOOD":9.439999999999999403415586185506214178531081415712833404541015625e-6,"GOLD":3.32000000000000006152196807551746360331890173256397247314453125e-5,"WOOD":1.355000000000000071032589532560308498432277701795101165771484375e-5,"STONE":0,"PLANKS":0.08300000000000000432986979603811050765216350555419921875,"SOUP":0.09444444000000000449812631586610223166644573211669921875,"INGOT":0.038219999999999997031263632152331410907208919525146484375,"is_cash":true}