{"date_update":1731225462,"FOOD":8.0000000000000006544244313122504763668985106050968170166015625e-5,"GOLD":0.0001377999999999999884703338892677493277005851268768310546875,"WOOD":0.000106249999999999994080256138229145790319307707250118255615234375,"STONE":8.33300000000000034607039456346910810680128633975982666015625e-5,"PLANKS":0.11999999999999999555910790149937383830547332763671875,"SOUP":0.05000000000000000277555756156289135105907917022705078125,"INGOT":0.07900000000000000077715611723760957829654216766357421875,"is_cash":true}