{"date_update":1740050775,"FOOD":0.00022699999999999998824551372678115512826479971408843994140625,"GOLD":0.000539800000000000002042810365310288034379482269287109375,"WOOD":0.000103519999999999998195436556880366651967051438987255096435546875,"STONE":0.0003809999999999999910176018413920928651350550353527069091796875,"PLANKS":0.07270000000000000073274719625260331667959690093994140625,"SOUP":0.02179999999999999993338661852249060757458209991455078125,"INGOT":0.040000000000000000832667268468867405317723751068115234375,"is_cash":false}