{"date_update":1739540532,"FOOD":0.00023100000000000000415813217191640660530538298189640045166015625,"GOLD":0.00096666999999999998587074667710794528829865157604217529296875,"WOOD":0.0003640000000000000114803999640145093508181162178516387939453125,"STONE":0.0003809999999999999910176018413920928651350550353527069091796875,"PLANKS":0.07270000000000000073274719625260331667959690093994140625,"SOUP":0.0222000000000000009825473767932635382749140262603759765625,"INGOT":0.040000000000000000832667268468867405317723751068115234375,"is_cash":false}