{"date_update":1733695652,"FOOD":4.4209999999999998539397527697047962647047825157642364501953125e-5,"GOLD":0.00013009999999999999104223491475096352587570436298847198486328125,"WOOD":6.359000000000000611156958374436953818076290190219879150390625e-5,"STONE":4.00000000000000032721221565612523818344925530254840850830078125e-5,"PLANKS":0.096967999999999998639310661019408144056797027587890625,"SOUP":0.1700000000000000122124532708767219446599483489990234375,"INGOT":0.09799998000000000042408743183841579593718051910400390625,"is_cash":false}