{"date_update":1734789332,"FOOD":4.11099999999999977267663153757126792697818018496036529541015625e-5,"GOLD":3.30800000000000017641443861293737427331507205963134765625e-5,"WOOD":2.00899999999999990803016547413761827556299977004528045654296875e-5,"STONE":3.33300000000000010646171444417262819115421734750270843505859375e-5,"PLANKS":0.0945600000000000051603166184577275998890399932861328125,"SOUP":0.137500000000000011102230246251565404236316680908203125,"INGOT":0.08179999999999999771294056927217752672731876373291015625,"is_cash":false}