{"date_update":1737581372,"FOOD":8.42000000000000069894610932319523044498055242002010345458984375e-6,"GOLD":1.800000000000000045601543374740316494353464804589748382568359375e-5,"WOOD":3.87200000000000019747918578172374282075907103717327117919921875e-5,"STONE":0.0003809999999999999910176018413920928651350550353527069091796875,"PLANKS":0.08000000000000000166533453693773481063544750213623046875,"SOUP":0.07895000000000000628386231937838601879775524139404296875,"INGOT":0.035599999999999999700239783351207734085619449615478515625,"is_cash":false}