{"date_update":1735358075,"FOOD":2.627000000000000089705153027974660062682232819497585296630859375e-5,"GOLD":2.750000000000000097903456175441050390872987918555736541748046875e-5,"WOOD":3.8710000000000000376469688756486675629275850951671600341796875e-5,"STONE":0,"PLANKS":0.0926695700000000066598460080058430321514606475830078125,"SOUP":0.115277779999999996363158061285503208637237548828125,"INGOT":0.058110000000000001929567616798522067256271839141845703125,"is_cash":true}