{"date_update":1735300621,"FOOD":2.6930000000000001354229228756054226323612965643405914306640625e-5,"GOLD":2.799999999999999957998007837911558226551278494298458099365234375e-5,"WOOD":4.26799999999999979415944706406804698417545296251773834228515625e-5,"STONE":3.33300000000000010646171444417262819115421734750270843505859375e-5,"PLANKS":0.0926695700000000066598460080058430321514606475830078125,"SOUP":0.116055560000000002052189529422321356832981109619140625,"INGOT":0.059290000000000002422506639732091571204364299774169921875,"is_cash":false}