{"date_update":1738129472,"FOOD":7.829999999999999571562332711938125839878921397030353546142578125e-6,"GOLD":1.5000000000000000380012861456169304119612206704914569854736328125e-5,"WOOD":2.000000000000000163606107828062619091724627651274204254150390625e-5,"STONE":0.0003809999999999999910176018413920928651350550353527069091796875,"PLANKS":0.07649999999999999855671006798729649744927883148193359375,"SOUP":0.028400000000000001632027846198980114422738552093505859375,"INGOT":0.03339999999999999913402604079237789846956729888916015625,"is_cash":true}