{"date_update":1740079994,"FOOD":0.00022699999999999998824551372678115512826479971408843994140625,"GOLD":0.000508499999999999945966833170274412623257376253604888916015625,"WOOD":9.553999999999999667189831686897605322883464395999908447265625e-5,"STONE":0.0003809999999999999910176018413920928651350550353527069091796875,"PLANKS":0.07199999999999999455990717933673295192420482635498046875,"SOUP":0.02179999999999999993338661852249060757458209991455078125,"INGOT":0.040000000000000000832667268468867405317723751068115234375,"is_cash":false}