{"date_update":1733607332,"FOOD":5.2429999999999997765086356960040347985341213643550872802734375e-5,"GOLD":0.00015353999999999999701190411816043024373357184231281280517578125,"WOOD":7.2479999999999997228362913492816232974291779100894927978515625e-5,"STONE":4.00000000000000032721221565612523818344925530254840850830078125e-5,"PLANKS":0.096967999999999998639310661019408144056797027587890625,"SOUP":0.1735714299999999987722532068801228888332843780517578125,"INGOT":0.0980000000000000037747582837255322374403476715087890625,"is_cash":false}