{"date_update":1735569321,"FOOD":2.120999999999999852139977163378858904252410866320133209228515625e-5,"GOLD":2.6199999999999999873191713906095401398488320410251617431640625e-5,"WOOD":2.525000000000000049851615890883493875662679783999919891357421875e-5,"STONE":0.000793650000000000019513557436567907643620856106281280517578125,"PLANKS":0.0926695700000000066598460080058430321514606475830078125,"SOUP":0.11388889000000000650825171533142565749585628509521484375,"INGOT":0.051499999999999997168931287205850821919739246368408203125,"is_cash":true}