{"date_update":1731915874,"FOOD":7.2000000000000001824061734989612659774138592183589935302734375e-5,"GOLD":5.6669999999999997827328235278088186532841064035892486572265625e-5,"WOOD":8.129999999999999748569179391921579735935665667057037353515625e-5,"STONE":8.33300000000000034607039456346910810680128633975982666015625e-5,"PLANKS":0.08588888999999999551704377154237590730190277099609375,"SOUP":0.05000000000000000277555756156289135105907917022705078125,"INGOT":0.059900000000000001854072451124011422507464885711669921875,"is_cash":false}