{"date_update":1731324897,"FOOD":6.00000000000000015200514458246772164784488268196582794189453125e-5,"GOLD":8.7800000000000006403037822177992666183854453265666961669921875e-5,"WOOD":7.4250000000000002304580137835188224926241673529148101806640625e-5,"STONE":8.33300000000000034607039456346910810680128633975982666015625e-5,"PLANKS":0.1000000000000000055511151231257827021181583404541015625,"SOUP":0.05000000000000000277555756156289135105907917022705078125,"INGOT":0.07799999999999999988897769753748434595763683319091796875,"is_cash":true}