{"date_update":1736174365,"FOOD":1.40299999999999995027588628460080144577659666538238525390625e-5,"GOLD":1.679999999999999839273533142058880684999166987836360931396484375e-5,"WOOD":1.0649999999999999676886068555869968577098916284739971160888671875e-5,"STONE":1.0000000000000000818030539140313095458623138256371021270751953125e-5,"PLANKS":0.08989999999999999380495552259162650443613529205322265625,"SOUP":0.10666667000000000509185582586724194698035717010498046875,"INGOT":0.045400000000000002853273173286652308888733386993408203125,"is_cash":false}