{"date_update":1733543781,"FOOD":6.3999999999999997103879156856720555879292078316211700439453125e-5,"GOLD":0.00017990000000000000890572338096973226129193790256977081298828125,"WOOD":7.59000000000000017534584895173566110315732657909393310546875e-5,"STONE":4.00000000000000032721221565612523818344925530254840850830078125e-5,"PLANKS":0.096967999999999998639310661019408144056797027587890625,"SOUP":0.173999999999999988009591334048309363424777984619140625,"INGOT":0.0980000000000000037747582837255322374403476715087890625,"is_cash":false}