{"date_update":1741080415,"FOOD":0.00020000000000000000958434720477185919662588275969028472900390625,"GOLD":0.0002756999999999999793713623130742007560911588370800018310546875,"WOOD":2.780000000000000149485458733611409343211562372744083404541015625e-5,"STONE":0.0536999999999999977351450297646806575357913970947265625,"PLANKS":0.069000000000000005773159728050814010202884674072265625,"SOUP":0.458000000000000018207657603852567262947559356689453125,"INGOT":0.040000000000000000832667268468867405317723751068115234375,"is_cash":false}