{"date_update":1734040576,"FOOD":3.17300000000000028310860600289089461512048728764057159423828125e-5,"GOLD":7.8700000000000002050269676256988304885453544557094573974609375e-5,"WOOD":4.8819999999999996753187458953249233672977425158023834228515625e-5,"STONE":4.00000000000000032721221565612523818344925530254840850830078125e-5,"PLANKS":0.0965000000000000024424906541753443889319896697998046875,"SOUP":0.1660000000000000086597395920762210153043270111083984375,"INGOT":0.0970000000000000028865798640254070051014423370361328125,"is_cash":true}