{"date_update":1731145597,"FOOD":7.79999999999999985879350905548790251486934721469879150390625e-5,"GOLD":9.9900000000000002361479067847227497622952796518802642822265625e-5,"WOOD":0.0001067899999999999990744903310968538789893500506877899169921875,"STONE":8.33300000000000034607039456346910810680128633975982666015625e-5,"PLANKS":0.1590000000000000024424906541753443889319896697998046875,"SOUP":0.05000000000000000277555756156289135105907917022705078125,"INGOT":0.08000000000000000166533453693773481063544750213623046875,"is_cash":true}