{"date_update":1731359398,"FOOD":6.998000000000000422363533036929084119037725031375885009765625e-5,"GOLD":7.899999999999999578982612380428918186225928366184234619140625e-5,"WOOD":0.000460000000000000013912482277333992897183634340763092041015625,"STONE":8.33300000000000034607039456346910810680128633975982666015625e-5,"PLANKS":0.0975000000000000033306690738754696212708950042724609375,"SOUP":0.05000000000000000277555756156289135105907917022705078125,"INGOT":0.07799999999999999988897769753748434595763683319091796875,"is_cash":true}