{"date_update":1731297536,"FOOD":8.0000000000000006544244313122504763668985106050968170166015625e-5,"GOLD":0.000101999999999999999195955668884749911740073002874851226806640625,"WOOD":9.5359999999999995007153585913073357005487196147441864013671875e-5,"STONE":8.33300000000000034607039456346910810680128633975982666015625e-5,"PLANKS":0.1000000000000000055511151231257827021181583404541015625,"SOUP":0.05000000000000000277555756156289135105907917022705078125,"INGOT":0.07900000000000000077715611723760957829654216766357421875,"is_cash":false}