{"date_update":1737963636,"FOOD":7.979999999999999829472345502789920601571793667972087860107421875e-6,"GOLD":1.599999999999999927596978921418013896982301957905292510986328125e-5,"WOOD":2.529000000000000011554125711743523652330623008310794830322265625e-5,"STONE":0.0003809999999999999910176018413920928651350550353527069091796875,"PLANKS":0.07799999999999999988897769753748434595763683319091796875,"SOUP":0.0293999999999999990507593139454911579377949237823486328125,"INGOT":0.035599999999999999700239783351207734085619449615478515625,"is_cash":false}