{"date_update":1733176321,"FOOD":9.7449999999999997019571595924247731090872548520565032958984375e-5,"GOLD":0.00056627000000000001118938275368464019265957176685333251953125,"WOOD":0.000269440000000000022366275498342247374239377677440643310546875,"STONE":4.00000000000000032721221565612523818344925530254840850830078125e-5,"PLANKS":0.0990000000000000046629367034256574697792530059814453125,"SOUP":0.033599999999999997923882943950957269407808780670166015625,"INGOT":0.02085599999999999953903540017563500441610813140869140625,"is_cash":false}