{"date_update":1734874942,"FOOD":3.80000000000000020920765120280293558607809245586395263671875e-5,"GOLD":3.2950000000000001314746922442822096854797564446926116943359375e-5,"WOOD":1.947999999999999983847122353441960740383365191519260406494140625e-5,"STONE":3.33300000000000010646171444417262819115421734750270843505859375e-5,"PLANKS":0.0945600000000000051603166184577275998890399932861328125,"SOUP":0.13209999999999999520383653361932374536991119384765625,"INGOT":0.07699999999999999900079927783735911361873149871826171875,"is_cash":false}