{"date_update":1736193350,"FOOD":1.376000000000000039377355542935532639603479765355587005615234375e-5,"GOLD":1.679999999999999839273533142058880684999166987836360931396484375e-5,"WOOD":1.061999999999999996411724489941974525208934210240840911865234375e-5,"STONE":1.0000000000000000818030539140313095458623138256371021270751953125e-5,"PLANKS":0.08989999999999999380495552259162650443613529205322265625,"SOUP":0.10666667000000000509185582586724194698035717010498046875,"INGOT":0.04499999999999999833466546306226518936455249786376953125,"is_cash":true}