{"date_update":1734187543,"FOOD":2.6460000000000000771986641279198693155194632709026336669921875e-5,"GOLD":6.700000000000000226207941267375645111314952373504638671875e-5,"WOOD":4.098999999999999887569102074991178596974350512027740478515625e-5,"STONE":5.00000000000000023960868011929647991564706899225711822509765625e-5,"PLANKS":0.0965000000000000024424906541753443889319896697998046875,"SOUP":0.161700000000000010391687510491465218365192413330078125,"INGOT":0.0960000000000000019984014443252817727625370025634765625,"is_cash":false}