{"date_update":1733219640,"FOOD":9.60000000000000024320823133194835463655181229114532470703125e-5,"GOLD":0.0005100000000000000366373598126301658339798450469970703125,"WOOD":0.0002219699999999999906648284753174493744154460728168487548828125,"STONE":4.00000000000000032721221565612523818344925530254840850830078125e-5,"PLANKS":0.0988900000000000056754601018838002346456050872802734375,"SOUP":0.1952000000000000123900889548167469911277294158935546875,"INGOT":0.02085599999999999953903540017563500441610813140869140625,"is_cash":true}