{"date_update":1733302390,"FOOD":8.500000000000000610622663543836097232997417449951171875e-5,"GOLD":0.00032207999999999997915722804719962368835695087909698486328125,"WOOD":0.00016499999999999999909794379249206031090579926967620849609375,"STONE":4.00000000000000032721221565612523818344925530254840850830078125e-5,"PLANKS":0.09888500000000000067501559897209517657756805419921875,"SOUP":0.1808333299999999865814714894440839998424053192138671875,"INGOT":0.1000000000000000055511151231257827021181583404541015625,"is_cash":true}