{"date_update":1733723807,"FOOD":4.2500000000000003053113317719180486164987087249755859375e-5,"GOLD":0.0001233299999999999999565625241615407503559254109859466552734375,"WOOD":6.339999999999999607223910569331337683252058923244476318359375e-5,"STONE":4.00000000000000032721221565612523818344925530254840850830078125e-5,"PLANKS":0.096967999999999998639310661019408144056797027587890625,"SOUP":0.1700000000000000122124532708767219446599483489990234375,"INGOT":0.09799998000000000042408743183841579593718051910400390625,"is_cash":false}