{"date_update":1732455179,"FOOD":5.50000000000000019580691235088210078174597583711147308349609375e-5,"GOLD":5.98999999999999990893569112859751157884602434933185577392578125e-5,"WOOD":4.10000000000000004740131898106625385480583645403385162353515625e-5,"STONE":8.0000000000000006544244313122504763668985106050968170166015625e-5,"PLANKS":0.070000000000000006661338147750939242541790008544921875,"SOUP":0.02884615000000000095692342938491492532193660736083984375,"INGOT":0.0299999999999999988897769753748434595763683319091796875,"is_cash":false}