{"date_update":1734925617,"FOOD":3.7240000000000002592336068030220985747291706502437591552734375e-5,"GOLD":3.24999999999999971528850950530653562964289449155330657958984375e-5,"WOOD":1.879999999999999957278097595381183282370329834520816802978515625e-5,"STONE":3.33300000000000010646171444417262819115421734750270843505859375e-5,"PLANKS":0.0945600000000000051603166184577275998890399932861328125,"SOUP":0.13000000000000000444089209850062616169452667236328125,"INGOT":0.07395079999999999709192621821784996427595615386962890625,"is_cash":true}