{"date_update":1734359763,"FOOD":6.4999999999999994305770190106130712592857889831066131591796875e-5,"GOLD":5.33500000000000025091907718266526217121281661093235015869140625e-5,"WOOD":3.02199999999999986536637630596402459559612907469272613525390625e-5,"STONE":5.00000000000000023960868011929647991564706899225711822509765625e-5,"PLANKS":0.09457000000000000128341781646668096072971820831298828125,"SOUP":0.153571430000000008764260428506531752645969390869140625,"INGOT":0.0960000000000000019984014443252817727625370025634765625,"is_cash":false}