{"date_update":1732433427,"FOOD":5.97999999999999966586623767472730150984716601669788360595703125e-5,"GOLD":6.00000000000000015200514458246772164784488268196582794189453125e-5,"WOOD":4.10000000000000004740131898106625385480583645403385162353515625e-5,"STONE":8.0000000000000006544244313122504763668985106050968170166015625e-5,"PLANKS":0.070000000000000006661338147750939242541790008544921875,"SOUP":0.03529411999999999827171137667392031289637088775634765625,"INGOT":0.0299999999999999988897769753748434595763683319091796875,"is_cash":false}