{"date_update":1734717345,"FOOD":4.5149999999999999703882702650759028983884491026401519775390625e-5,"GOLD":3.4339999999999999864830346751887191203422844409942626953125e-5,"WOOD":2.019999999999999972118656932362767975064343772828578948974609375e-5,"STONE":0,"PLANKS":0.0945600000000000051603166184577275998890399932861328125,"SOUP":0.1430555599999999982774312456967891193926334381103515625,"INGOT":0.0834000000000000019095836023552692495286464691162109375,"is_cash":false}