{"date_update":1732623331,"FOOD":7.9889999999999995738964031488649197854101657867431640625e-5,"GOLD":5.50000000000000019580691235088210078174597583711147308349609375e-5,"WOOD":5.19999999999999967998688676917851125836023129522800445556640625e-5,"STONE":8.0000000000000006544244313122504763668985106050968170166015625e-5,"PLANKS":0.06818180000000000073878680950656416825950145721435546875,"SOUP":0.03529411999999999827171137667392031289637088775634765625,"INGOT":0.025000000000000001387778780781445675529539585113525390625,"is_cash":false}