{"date_update":1739231375,"FOOD":0.000246000000000000016396606294932780656381510198116302490234375,"GOLD":0.0020779999999999999860111898897230275906622409820556640625,"WOOD":0.00097499999999999995524413431979837696417234838008880615234375,"STONE":0.0003809999999999999910176018413920928651350550353527069091796875,"PLANKS":0.074651159999999994187902530029532499611377716064453125,"SOUP":0.023500000000000000055511151231257827021181583404541015625,"INGOT":0.040000000000000000832667268468867405317723751068115234375,"is_cash":true}