{"date_update":1734711462,"FOOD":4.5149999999999999703882702650759028983884491026401519775390625e-5,"GOLD":3.4999999999999996933876256210993460626923479139804840087890625e-5,"WOOD":2.050000000000000023700659490533126927402918227016925811767578125e-5,"STONE":0,"PLANKS":0.0945600000000000051603166184577275998890399932861328125,"SOUP":0.1430555599999999982774312456967891193926334381103515625,"INGOT":0.08509999999999999509281423115680809132754802703857421875,"is_cash":false}