{"date_update":1735940506,"FOOD":1.813000000000000090541289743395481082188780419528484344482421875e-5,"GOLD":1.830000000000000097183545932910675446692039258778095245361328125e-5,"WOOD":1.332999999999999942855606616110009099429589696228504180908203125e-5,"STONE":0,"PLANKS":0.08989999999999999380495552259162650443613529205322265625,"SOUP":0.11111110999999999904286340779435704462230205535888671875,"INGOT":0.046899999999999997246646898929611779749393463134765625,"is_cash":true}