{"date_update":1734441489,"FOOD":6.150000000000000409915157373319516409537754952907562255859375e-5,"GOLD":4.7039999999999996854911643584529201689292676746845245361328125e-5,"WOOD":2.7560000000000000404572209067310950558749027550220489501953125e-5,"STONE":5.00000000000000023960868011929647991564706899225711822509765625e-5,"PLANKS":0.09457000000000000128341781646668096072971820831298828125,"SOUP":0.15166667000000000342652128892950713634490966796875,"INGOT":0.0960000000000000019984014443252817727625370025634765625,"is_cash":true}