{"date_update":1733636222,"FOOD":5.09999999999999995979778344423749558700365014374256134033203125e-5,"GOLD":0.00015100000000000001116641501486270726672955788671970367431640625,"WOOD":7.0690000000000002508028507097748160958872176706790924072265625e-5,"STONE":4.00000000000000032721221565612523818344925530254840850830078125e-5,"PLANKS":0.096967999999999998639310661019408144056797027587890625,"SOUP":0.172999999999999987121412914348184131085872650146484375,"INGOT":0.0980000000000000037747582837255322374403476715087890625,"is_cash":false}