{"date_update":1739180607,"FOOD":0.000249800000000000000342781358853017081855796277523040771484375,"GOLD":0.0025000000000000000520417042793042128323577344417572021484375,"WOOD":0.00124979999999999991273924582202425881405360996723175048828125,"STONE":0.0003809999999999999910176018413920928651350550353527069091796875,"PLANKS":0.07466667000000000442572201109214802272617816925048828125,"SOUP":0.023500000000000000055511151231257827021181583404541015625,"INGOT":0.040000000000000000832667268468867405317723751068115234375,"is_cash":false}