{"date_update":1735826220,"FOOD":1.923000000000000053799846522206706822544219903647899627685546875e-5,"GOLD":1.968999999999999952191888363817184881554567255079746246337890625e-5,"WOOD":1.450000000000000008500145032286354762618429958820343017578125e-5,"STONE":0,"PLANKS":0.0926695700000000066598460080058430321514606475830078125,"SOUP":0.11111110999999999904286340779435704462230205535888671875,"INGOT":0.0471000000000000029753977059954195283353328704833984375,"is_cash":false}