{"date_update":1739289189,"FOOD":0.000241000000000000003282096816548119022627361118793487548828125,"GOLD":0.00160000000000000007667477763817487357300706207752227783203125,"WOOD":0.00076000000000000004184153024056058711721561849117279052734375,"STONE":0.0003809999999999999910176018413920928651350550353527069091796875,"PLANKS":0.074651159999999994187902530029532499611377716064453125,"SOUP":0.023500000000000000055511151231257827021181583404541015625,"INGOT":0.040000000000000000832667268468867405317723751068115234375,"is_cash":true}