{"date_update":1731358191,"FOOD":6.998000000000000422363533036929084119037725031375885009765625e-5,"GOLD":7.700000000000000138604405730546886843512766063213348388671875e-5,"WOOD":0.0005000000000000000104083408558608425664715468883514404296875,"STONE":8.33300000000000034607039456346910810680128633975982666015625e-5,"PLANKS":0.0975000000000000033306690738754696212708950042724609375,"SOUP":0.05000000000000000277555756156289135105907917022705078125,"INGOT":0.07799999999999999988897769753748434595763683319091796875,"is_cash":true}