{"date_update":1737773755,"FOOD":8.139999999999999991638632845791789804934523999691009521484375e-6,"GOLD":1.6670000000000001331469656751238517244928516447544097900390625e-5,"WOOD":2.99800000000000009515131738080384593558846972882747650146484375e-5,"STONE":0.0003809999999999999910176018413920928651350550353527069091796875,"PLANKS":0.07900000000000000077715611723760957829654216766357421875,"SOUP":0.07399999999999999633626401873698341660201549530029296875,"INGOT":0.035599999999999999700239783351207734085619449615478515625,"is_cash":true}