{"date_update":1733392479,"FOOD":7.79999999999999985879350905548790251486934721469879150390625e-5,"GOLD":0.0002664200000000000140114309044037099738488905131816864013671875,"WOOD":0.00011207999999999999755397050993366292459541000425815582275390625,"STONE":4.00000000000000032721221565612523818344925530254840850830078125e-5,"PLANKS":0.0988799999999999956745710960603901185095310211181640625,"SOUP":0.174999999999999988897769753748434595763683319091796875,"INGOT":0.0980000000000000037747582837255322374403476715087890625,"is_cash":false}