{"date_update":1739112153,"FOOD":7.109999999999999688846986922730053493069135583937168121337890625e-6,"GOLD":1.143000000000000067920495616657916571057285182178020477294921875e-5,"WOOD":8.240000000000000728267272875893212358278105966746807098388671875e-6,"STONE":0.0003809999999999999910176018413920928651350550353527069091796875,"PLANKS":0.07466667000000000442572201109214802272617816925048828125,"SOUP":0.023500000000000000055511151231257827021181583404541015625,"INGOT":0.040000000000000000832667268468867405317723751068115234375,"is_cash":false}