{"date_update":1734336954,"FOOD":6.820000000000000432535951500057080920669250190258026123046875e-5,"GOLD":5.55000000000000005590146401335260861742426641285419464111328125e-5,"WOOD":3.10000000000000013500485451789501212260802276432514190673828125e-5,"STONE":5.00000000000000023960868011929647991564706899225711822509765625e-5,"PLANKS":0.09457000000000000128341781646668096072971820831298828125,"SOUP":0.153571430000000008764260428506531752645969390869140625,"INGOT":0.0960000000000000019984014443252817727625370025634765625,"is_cash":true}