{"date_update":1734608606,"FOOD":4.89999999999999984179321899091519298963248729705810546875e-5,"GOLD":3.816000000000000056017690486243054692749865353107452392578125e-5,"WOOD":2.275000000000000071752499775090683442613226361572742462158203125e-5,"STONE":5.00000000000000023960868011929647991564706899225711822509765625e-5,"PLANKS":0.0945600000000000051603166184577275998890399932861328125,"SOUP":0.1455882400000000076456529995994060300290584564208984375,"INGOT":0.09035700000000000675637323865885264240205287933349609375,"is_cash":true}