{"date_update":1732012110,"FOOD":6.789999999999999703327591138446450713672675192356109619140625e-5,"GOLD":5.45499999999999977962072961190642672590911388397216796875e-5,"WOOD":5.4939999999999999144399687178719204894150607287883758544921875e-5,"STONE":8.33300000000000034607039456346910810680128633975982666015625e-5,"PLANKS":0.0848899999999999932409622260820469819009304046630859375,"SOUP":0.049899999999999999911182158029987476766109466552734375,"INGOT":0.05000000000000000277555756156289135105907917022705078125,"is_cash":false}