{"date_update":1732956635,"FOOD":4.852999999999999783568960243229639672790654003620147705078125e-5,"GOLD":4.50000000000000028341044788771085904954816214740276336669921875e-5,"WOOD":6.4999999999999994305770190106130712592857889831066131591796875e-5,"STONE":4.00000000000000032721221565612523818344925530254840850830078125e-5,"PLANKS":0.0566666700000000023162982643043505959212779998779296875,"SOUP":0.03529411999999999827171137667392031289637088775634765625,"INGOT":0.021085710000000000563513680162941454909741878509521484375,"is_cash":false}