{"date_update":1736160025,"FOOD":1.4869999999999999930615397769617658241259050555527210235595703125e-5,"GOLD":1.679999999999999839273533142058880684999166987836360931396484375e-5,"WOOD":1.0099999999999999860593284661813839875321718864142894744873046875e-5,"STONE":1.0000000000000000818030539140313095458623138256371021270751953125e-5,"PLANKS":0.08989999999999999380495552259162650443613529205322265625,"SOUP":0.1083333300000000054552629080717451870441436767578125,"INGOT":0.045400000000000002853273173286652308888733386993408203125,"is_cash":false}