{"date_update":1740678885,"FOOD":0.000207190000000000000036914915568786454969085752964019775390625,"GOLD":0.0003719999999999999890955282300097906045266427099704742431640625,"WOOD":4.22000000000000025372932921374768966416013427078723907470703125e-5,"STONE":0,"PLANKS":0.07055999999999999772182235346917877905070781707763671875,"SOUP":0,"INGOT":0.040000000000000000832667268468867405317723751068115234375,"is_cash":false}