{"date_update":1738783458,"FOOD":7.580000000000000271089574399585586661487468518316745758056640625e-6,"GOLD":1.253000000000000031179052395469142311412724666297435760498046875e-5,"WOOD":9.2000000000000000071991024253037494418094865977764129638671875e-6,"STONE":0.0003809999999999999910176018413920928651350550353527069091796875,"PLANKS":0.07599999999999999811262085813723388127982616424560546875,"SOUP":0.0239000000000000011046719095020307577215135097503662109375,"INGOT":0.040000000000000000832667268468867405317723751068115234375,"is_cash":false}