{"date_update":1731242940,"FOOD":8.4800000000000001244837566360956770949997007846832275390625e-5,"GOLD":0.00013635000000000000743537176273179056806839071214199066162109375,"WOOD":0.000110799999999999996256640211189647970968508161604404449462890625,"STONE":8.33300000000000034607039456346910810680128633975982666015625e-5,"PLANKS":0.1000000000000000055511151231257827021181583404541015625,"SOUP":0.05000000000000000277555756156289135105907917022705078125,"INGOT":0.07900000000000000077715611723760957829654216766357421875,"is_cash":true}