{"date_update":1731639560,"FOOD":0.00013332999999999999908052716879325316767790354788303375244140625,"GOLD":8.7750000000000005187690554908641615838860161602497100830078125e-5,"WOOD":8.74199999999999998769040221446857685805298388004302978515625e-5,"STONE":8.33300000000000034607039456346910810680128633975982666015625e-5,"PLANKS":0.09566666999999999532189320916586439125239849090576171875,"SOUP":0.05000000000000000277555756156289135105907917022705078125,"INGOT":0.0949666700000000030268410000644507817924022674560546875,"is_cash":false}