{"date_update":1733828373,"FOOD":3.99000000000000008414276220225502811445039696991443634033203125e-5,"GOLD":0.000100000000000000004792173602385929598312941379845142364501953125,"WOOD":5.70599999999999991755206263377431241679005324840545654296875e-5,"STONE":4.00000000000000032721221565612523818344925530254840850830078125e-5,"PLANKS":0.096967999999999998639310661019408144056797027587890625,"SOUP":0.1666666699999999889936219688024721108376979827880859375,"INGOT":0.0970000000000000028865798640254070051014423370361328125,"is_cash":true}