{"date_update":1731317740,"FOOD":6.999999999999999386775251242198692125384695827960968017578125e-5,"GOLD":9.7800000000000005527002466809705083505832590162754058837890625e-5,"WOOD":7.606999999999999504361747337810584213002584874629974365234375e-5,"STONE":8.33300000000000034607039456346910810680128633975982666015625e-5,"PLANKS":0.1000000000000000055511151231257827021181583404541015625,"SOUP":0.05000000000000000277555756156289135105907917022705078125,"INGOT":0.07900000000000000077715611723760957829654216766357421875,"is_cash":true}