{"date_update":1736045893,"FOOD":1.67500000000000005655198531684391127782873809337615966796875e-5,"GOLD":1.764000000000000051465776085279912877012975513935089111328125e-5,"WOOD":1.2860000000000000540379373192845235962522565387189388275146484375e-5,"STONE":1.0000000000000000818030539140313095458623138256371021270751953125e-5,"PLANKS":0.08989999999999999380495552259162650443613529205322265625,"SOUP":0.10972221999999999531016925402582273818552494049072265625,"INGOT":0.045400000000000002853273173286652308888733386993408203125,"is_cash":true}