{"date_update":1732552403,"FOOD":5.156000000000000101259278739718183715012855827808380126953125e-5,"GOLD":5.50000000000000019580691235088210078174597583711147308349609375e-5,"WOOD":7.1210000000000004305618361843954744472284801304340362548828125e-5,"STONE":8.0000000000000006544244313122504763668985106050968170166015625e-5,"PLANKS":0.069000000000000005773159728050814010202884674072265625,"SOUP":0.03529411999999999827171137667392031289637088775634765625,"INGOT":0.0299999999999999988897769753748434595763683319091796875,"is_cash":false}