{"date_update":1739461405,"FOOD":0.00023499999999999999296569630491404723215964622795581817626953125,"GOLD":0.0010316200000000000196187510681511412258259952068328857421875,"WOOD":0.000449999999999999987683463320564669629675336182117462158203125,"STONE":0.0003809999999999999910176018413920928651350550353527069091796875,"PLANKS":0.07270000000000000073274719625260331667959690093994140625,"SOUP":0.0230400000000000014510614931850795983336865901947021484375,"INGOT":0.040000000000000000832667268468867405317723751068115234375,"is_cash":true}