{"date_update":1733469485,"FOOD":7.2999999999999999025952768239022816487704403698444366455078125e-5,"GOLD":0.00021469999999999998742568341203451609544572420418262481689453125,"WOOD":8.71099999999999977627618275022314264788292348384857177734375e-5,"STONE":4.00000000000000032721221565612523818344925530254840850830078125e-5,"PLANKS":0.096967999999999998639310661019408144056797027587890625,"SOUP":0.173999999999999988009591334048309363424777984619140625,"INGOT":0.0980000000000000037747582837255322374403476715087890625,"is_cash":true}