{"date_update":1740221902,"FOOD":0.00021560000000000000930193422288283500165562145411968231201171875,"GOLD":0.00048119999999999998711863735678662123973481357097625732421875,"WOOD":7.401000000000000460242954858358643832616508007049560546875e-5,"STONE":0,"PLANKS":0.07199999999999999455990717933673295192420482635498046875,"SOUP":0.0213999999999999988842258602517176768742501735687255859375,"INGOT":0.040000000000000000832667268468867405317723751068115234375,"is_cash":false}