{"date_update":1737103049,"FOOD":9.25999999999999943273674973820419609182863496243953704833984375e-6,"GOLD":2.920000000000000164326018070592994035905576311051845550537109375e-5,"WOOD":1.3319999999999999524299791608950016552626038901507854461669921875e-5,"STONE":0.000388400000000000008258671524430383215076290071010589599609375,"PLANKS":0.0813399999999999956390439592723851092159748077392578125,"SOUP":0.09444444000000000449812631586610223166644573211669921875,"INGOT":0.037499999999999998612221219218554324470460414886474609375,"is_cash":true}