{"date_update":1733174669,"FOOD":9.7449999999999997019571595924247731090872548520565032958984375e-5,"GOLD":0.00056999999999999997717103905614521863753907382488250732421875,"WOOD":0.0002722499999999999768275638079018108328455127775669097900390625,"STONE":4.00000000000000032721221565612523818344925530254840850830078125e-5,"PLANKS":0.0990000000000000046629367034256574697792530059814453125,"SOUP":0.033599999999999997923882943950957269407808780670166015625,"INGOT":0.02085599999999999953903540017563500441610813140869140625,"is_cash":false}