{"date_update":1735487226,"FOOD":2.267000000000000148347480133370623889277339912950992584228515625e-5,"GOLD":2.6670000000000000455434301382950934566906653344631195068359375e-5,"WOOD":3.14999999999999999509940618036551995828631334006786346435546875e-5,"STONE":0,"PLANKS":0.0926695700000000066598460080058430321514606475830078125,"SOUP":0.11388889000000000650825171533142565749585628509521484375,"INGOT":0.054710000000000001685318551380987628363072872161865234375,"is_cash":false}