{"date_update":1734414984,"FOOD":6.3330000000000005212774656371266246424056589603424072265625e-5,"GOLD":4.89599999999999988009070917005516321296454407274723052978515625e-5,"WOOD":2.90000000000000001700029006457270952523685991764068603515625e-5,"STONE":5.00000000000000023960868011929647991564706899225711822509765625e-5,"PLANKS":0.09457000000000000128341781646668096072971820831298828125,"SOUP":0.15166667000000000342652128892950713634490966796875,"INGOT":0.0960000000000000019984014443252817727625370025634765625,"is_cash":true}