{"date_update":1741059500,"FOOD":0.00020319000000000001122935078257114582811482250690460205078125,"GOLD":0.0002813000000000000070700389986910749939852394163608551025390625,"WOOD":2.803999999999999919700517658771588003219221718609333038330078125e-5,"STONE":0.0536999999999999977351450297646806575357913970947265625,"PLANKS":0.069000000000000005773159728050814010202884674072265625,"SOUP":0.458000000000000018207657603852567262947559356689453125,"INGOT":0.040000000000000000832667268468867405317723751068115234375,"is_cash":false}