{"date_update":1731776446,"FOOD":0.00010966999999999999860535171425368616837658919394016265869140625,"GOLD":8.2000000000000000948026379621325077096116729080677032470703125e-5,"WOOD":5.84599999999999993239262197075589710948406718671321868896484375e-5,"STONE":8.33300000000000034607039456346910810680128633975982666015625e-5,"PLANKS":0.0889999999999999957811525064244051463901996612548828125,"SOUP":0.05000000000000000277555756156289135105907917022705078125,"INGOT":0.08000000000000000166533453693773481063544750213623046875,"is_cash":true}