{"date_update":1731337200,"FOOD":6.00000000000000015200514458246772164784488268196582794189453125e-5,"GOLD":7.9850000000000002898202511314451612634002231061458587646484375e-5,"WOOD":7.3090000000000006634588711751376877145958133041858673095703125e-5,"STONE":8.33300000000000034607039456346910810680128633975982666015625e-5,"PLANKS":0.1000000000000000055511151231257827021181583404541015625,"SOUP":0.05000000000000000277555756156289135105907917022705078125,"INGOT":0.07799999999999999988897769753748434595763683319091796875,"is_cash":true}