{"date_update":1740172316,"FOOD":0.00022000000000000000783227649403528403126983903348445892333984375,"GOLD":0.000491699999999999971291020361974233310320414602756500244140625,"WOOD":7.5619999999999997658019224022751814118237234652042388916015625e-5,"STONE":0,"PLANKS":0.07199999999999999455990717933673295192420482635498046875,"SOUP":0.02179999999999999993338661852249060757458209991455078125,"INGOT":0.040000000000000000832667268468867405317723751068115234375,"is_cash":false}