{"date_update":1733228123,"FOOD":9.2999999999999997273882057502447651131660677492618560791015625e-5,"GOLD":0.000489999999999999984179321899091519298963248729705810546875,"WOOD":0.00022189999999999999980536402599540224400698207318782806396484375,"STONE":4.00000000000000032721221565612523818344925530254840850830078125e-5,"PLANKS":0.0988900000000000056754601018838002346456050872802734375,"SOUP":0.1952000000000000123900889548167469911277294158935546875,"INGOT":0.02085599999999999953903540017563500441610813140869140625,"is_cash":true}