{"date_update":1739417104,"FOOD":0.00023499999999999999296569630491404723215964622795581817626953125,"GOLD":0.001129999999999999928113059155521114007569849491119384765625,"WOOD":0.00049200000000000003279321258986556131276302039623260498046875,"STONE":0.0003809999999999999910176018413920928651350550353527069091796875,"PLANKS":0.07317827000000000359225538204555050469934940338134765625,"SOUP":0.0230400000000000014510614931850795983336865901947021484375,"INGOT":0.040000000000000000832667268468867405317723751068115234375,"is_cash":false}