{"date_update":1734096753,"FOOD":3.09799999999999981534042070574486160694505088031291961669921875e-5,"GOLD":7.6299999999999997923709471603359588698367588222026824951171875e-5,"WOOD":4.65799999999999978709912251684244210991892032325267791748046875e-5,"STONE":0,"PLANKS":0.0965000000000000024424906541753443889319896697998046875,"SOUP":0.1650000000000000077715611723760957829654216766357421875,"INGOT":0.0970000000000000028865798640254070051014423370361328125,"is_cash":true}