{"date_update":1734640313,"FOOD":4.758000000000000184914583645223729035933502018451690673828125e-5,"GOLD":3.5779999999999999630261038330303335897042416036128997802734375e-5,"WOOD":2.22999999999999999437949593783514501410536468029022216796875e-5,"STONE":0,"PLANKS":0.0945600000000000051603166184577275998890399932861328125,"SOUP":0.1455882400000000076456529995994060300290584564208984375,"INGOT":0.08855000000000000370814490224802284501492977142333984375,"is_cash":false}