{"date_update":1739284026,"FOOD":0.000241000000000000003282096816548119022627361118793487548828125,"GOLD":0.0016070500000000000583033621381900957203470170497894287109375,"WOOD":0.000780589999999999951431350897479433115222491323947906494140625,"STONE":0.0003809999999999999910176018413920928651350550353527069091796875,"PLANKS":0.074651159999999994187902530029532499611377716064453125,"SOUP":0.023500000000000000055511151231257827021181583404541015625,"INGOT":0.040000000000000000832667268468867405317723751068115234375,"is_cash":false}