{"date_update":1737454429,"FOOD":8.6500000000000001909063185312476207400322891771793365478515625e-6,"GOLD":1.95900000000000004793561381166711043988470919430255889892578125e-5,"WOOD":1.0780000000000000126283532242421614455452072434127330780029296875e-5,"STONE":0.0003809999999999999910176018413920928651350550353527069091796875,"PLANKS":0.0813399999999999956390439592723851092159748077392578125,"SOUP":0.08269999999999999573674358543939888477325439453125,"INGOT":0.035599999999999999700239783351207734085619449615478515625,"is_cash":true}