{"date_update":1733396229,"FOOD":7.6500000000000002785098540680763790078344754874706268310546875e-5,"GOLD":0.00026124999999999998050170813002068825880996882915496826171875,"WOOD":0.00010998000000000000071949390889614051047828979790210723876953125,"STONE":4.00000000000000032721221565612523818344925530254840850830078125e-5,"PLANKS":0.0988799999999999956745710960603901185095310211181640625,"SOUP":0.174999999999999988897769753748434595763683319091796875,"INGOT":0.0980000000000000037747582837255322374403476715087890625,"is_cash":false}