{"date_update":1738061261,"FOOD":7.979999999999999829472345502789920601571793667972087860107421875e-6,"GOLD":1.53799999999999984358171889464728110397118143737316131591796875e-5,"WOOD":2.239999999999999898635770489985219455775222741067409515380859375e-5,"STONE":0.0003809999999999999910176018413920928651350550353527069091796875,"PLANKS":0.07799999999999999988897769753748434595763683319091796875,"SOUP":0.028400000000000001632027846198980114422738552093505859375,"INGOT":0.0342999999999999971578290569595992565155029296875,"is_cash":false}