{"date_update":1731221872,"FOOD":8.500000000000000610622663543836097232997417449951171875e-5,"GOLD":0.0001399999999999999877355050248439738425076939165592193603515625,"WOOD":0.000101999999999999999195955668884749911740073002874851226806640625,"STONE":8.33300000000000034607039456346910810680128633975982666015625e-5,"PLANKS":0.11999999999999999555910790149937383830547332763671875,"SOUP":0.05000000000000000277555756156289135105907917022705078125,"INGOT":0.07900000000000000077715611723760957829654216766357421875,"is_cash":true}