{"date_update":1733877557,"FOOD":3.899999999999999929396754527743951257434673607349395751953125e-5,"GOLD":9.1990000000000005249932433226689454386360011994838714599609375e-5,"WOOD":5.53499999999999969129728383254729351392597891390323638916015625e-5,"STONE":4.00000000000000032721221565612523818344925530254840850830078125e-5,"PLANKS":0.0969669999999999976392217604370671324431896209716796875,"SOUP":0.1666666699999999889936219688024721108376979827880859375,"INGOT":0.0970000000000000028865798640254070051014423370361328125,"is_cash":false}