{"date_update":1734075025,"FOOD":3.14799999999999967543497236821536944262334145605564117431640625e-5,"GOLD":7.6500000000000002785098540680763790078344754874706268310546875e-5,"WOOD":4.8180000000000002880785887615644469406106509268283843994140625e-5,"STONE":4.00000000000000032721221565612523818344925530254840850830078125e-5,"PLANKS":0.0965000000000000024424906541753443889319896697998046875,"SOUP":0.1650000000000000077715611723760957829654216766357421875,"INGOT":0.0970000000000000028865798640254070051014423370361328125,"is_cash":true}