{"date_update":1736463354,"FOOD":1.086999999999999926459000321177228443048079498112201690673828125e-5,"GOLD":0.000143000000000000006446232436729815162834711372852325439453125,"WOOD":4.08700000000000000246157261241108926697052083909511566162109375e-5,"STONE":0,"PLANKS":0.08812499999999999500399638918679556809365749359130859375,"SOUP":0.10416667000000000287140977661692886613309383392333984375,"INGOT":0.042500000000000003053113317719180486164987087249755859375,"is_cash":false}