{"date_update":1731599508,"FOOD":0.00016641999999999999566673014594897495044278912246227264404296875,"GOLD":8.9330000000000000224577301199957446442567743360996246337890625e-5,"WOOD":9.60000000000000024320823133194835463655181229114532470703125e-5,"STONE":8.33300000000000034607039456346910810680128633975982666015625e-5,"PLANKS":0.09566666999999999532189320916586439125239849090576171875,"SOUP":0.05000000000000000277555756156289135105907917022705078125,"INGOT":0.0949666700000000030268410000644507817924022674560546875,"is_cash":false}