{"date_update":1732250801,"FOOD":0.000110000000000000003916138247017642015634919516742229461669921875,"GOLD":9.0000000000000005668208957754217180990963242948055267333984375e-5,"WOOD":5.7500000000000001739060284666749112147954292595386505126953125e-5,"STONE":8.0000000000000006544244313122504763668985106050968170166015625e-5,"PLANKS":0.07975000000000000144328993201270350255072116851806640625,"SOUP":0.049833330000000002069082682965017738752067089080810546875,"INGOT":0.036249999999999997501998194593397784046828746795654296875,"is_cash":true}