{"date_update":1737153761,"FOOD":9.25999999999999943273674973820419609182863496243953704833984375e-6,"GOLD":2.423999999999999831017116758147267319145612418651580810546875e-5,"WOOD":1.226999999999999941299559658158813135742093436419963836669921875e-5,"STONE":0.000388400000000000008258671524430383215076290071010589599609375,"PLANKS":0.0813399999999999956390439592723851092159748077392578125,"SOUP":0.09305555999999999550187368413389776833355426788330078125,"INGOT":0.036999999999999998168132009368491708301007747650146484375,"is_cash":false}