{"date_update":1735133474,"FOOD":3.04000000000000003184084940155429421793087385594844818115234375e-5,"GOLD":2.9499999999999998770948417270432173609151504933834075927734375e-5,"WOOD":7.008000000000000665432986490799294188036583364009857177734375e-5,"STONE":3.33300000000000010646171444417262819115421734750270843505859375e-5,"PLANKS":0.0926695700000000066598460080058430321514606475830078125,"SOUP":0.11999999999999999555910790149937383830547332763671875,"INGOT":0.06422999999999999543032203064285567961633205413818359375,"is_cash":false}