{"date_update":1731361179,"FOOD":7.9950000000000005328897045853153713323990814387798309326171875e-5,"GOLD":8.7800000000000006403037822177992666183854453265666961669921875e-5,"WOOD":0.0004549399999999999776555126285160213228664360940456390380859375,"STONE":8.33300000000000034607039456346910810680128633975982666015625e-5,"PLANKS":0.0975000000000000033306690738754696212708950042724609375,"SOUP":0.05000000000000000277555756156289135105907917022705078125,"INGOT":0.07799999999999999988897769753748434595763683319091796875,"is_cash":true}