{"date_update":1733860338,"FOOD":3.899999999999999929396754527743951257434673607349395751953125e-5,"GOLD":9.212000000000000569932989691324110026471316814422607421875e-5,"WOOD":5.6660000000000003005269644251740146501106210052967071533203125e-5,"STONE":4.00000000000000032721221565612523818344925530254840850830078125e-5,"PLANKS":0.096967999999999998639310661019408144056797027587890625,"SOUP":0.1666666699999999889936219688024721108376979827880859375,"INGOT":0.0970000000000000028865798640254070051014423370361328125,"is_cash":true}