{"date_update":1733034858,"FOOD":4.81999999999999993011666477027432620161562226712703704833984375e-5,"GOLD":4.3000000000000001654058834343885564521769993007183074951171875e-5,"WOOD":5.3000000000000000778023478975597981843748129904270172119140625e-5,"STONE":4.00000000000000032721221565612523818344925530254840850830078125e-5,"PLANKS":0.040000000000000000832667268468867405317723751068115234375,"SOUP":0.035200000000000002120525977034048992209136486053466796875,"INGOT":0.0208570999999999999452438004254872794263064861297607421875,"is_cash":false}