{"date_update":1736704299,"FOOD":1.0000000000000000818030539140313095458623138256371021270751953125e-5,"GOLD":0.0001058400000000000030879465651167947726207785308361053466796875,"WOOD":1.874999999999999835743370868446078247870900668203830718994140625e-5,"STONE":0.000248139999999999992519317260075695230625569820404052734375,"PLANKS":0.0864000000000000045741188614556449465453624725341796875,"SOUP":0.1000000000000000055511151231257827021181583404541015625,"INGOT":0.041399999999999999300559494486151379533112049102783203125,"is_cash":true}