{"date_update":1733246252,"FOOD":9.2000000000000000071991024253037494418094865977764129638671875e-5,"GOLD":0.0003874999999999999863824207135820643088663928210735321044921875,"WOOD":0.0001971399999999999996976030036677229873021133244037628173828125,"STONE":4.00000000000000032721221565612523818344925530254840850830078125e-5,"PLANKS":0.0988900000000000056754601018838002346456050872802734375,"SOUP":0.181900000000000006128431095930864103138446807861328125,"INGOT":0.1000000000000000055511151231257827021181583404541015625,"is_cash":true}