{"date_update":1735121559,"FOOD":3.10000000000000013500485451789501212260802276432514190673828125e-5,"GOLD":2.9499999999999998770948417270432173609151504933834075927734375e-5,"WOOD":7.2999999999999999025952768239022816487704403698444366455078125e-5,"STONE":3.33300000000000010646171444417262819115421734750270843505859375e-5,"PLANKS":0.0926695700000000066598460080058430321514606475830078125,"SOUP":0.11999999999999999555910790149937383830547332763671875,"INGOT":0.06422999999999999543032203064285567961633205413818359375,"is_cash":true}