{"date_update":1741030329,"FOOD":0.00020319000000000001122935078257114582811482250690460205078125,"GOLD":0.0002871999999999999878506906636488338335766457021236419677734375,"WOOD":2.860000000000000061162012954252276131228427402675151824951171875e-5,"STONE":0.054780000000000002302602553072574664838612079620361328125,"PLANKS":0.069000000000000005773159728050814010202884674072265625,"SOUP":0.458000000000000018207657603852567262947559356689453125,"INGOT":0.040000000000000000832667268468867405317723751068115234375,"is_cash":false}