{"date_update":1732396490,"FOOD":5.98999999999999990893569112859751157884602434933185577392578125e-5,"GOLD":6.8800000000000005356999566163977988253463990986347198486328125e-5,"WOOD":4.35100000000000018533265200293413954568677581846714019775390625e-5,"STONE":8.0000000000000006544244313122504763668985106050968170166015625e-5,"PLANKS":0.070000000000000006661338147750939242541790008544921875,"SOUP":0.040000000000000000832667268468867405317723751068115234375,"INGOT":0.0299999999999999988897769753748434595763683319091796875,"is_cash":true}