{"date_update":1733955858,"FOOD":3.69999999999999981139219007442164866006351076066493988037109375e-5,"GOLD":8.569999999999999601603406507166482697357423603534698486328125e-5,"WOOD":5.19999999999999967998688676917851125836023129522800445556640625e-5,"STONE":4.00000000000000032721221565612523818344925530254840850830078125e-5,"PLANKS":0.0965000000000000024424906541753443889319896697998046875,"SOUP":0.1660000000000000086597395920762210153043270111083984375,"INGOT":0.0970000000000000028865798640254070051014423370361328125,"is_cash":true}