{"date_update":1740686375,"FOOD":0.000207190000000000000036914915568786454969085752964019775390625,"GOLD":0.0003629999999999999871734546186274883439182303845882415771484375,"WOOD":4.0800000000000002388887698767661049714661203324794769287109375e-5,"STONE":0,"PLANKS":0.07055999999999999772182235346917877905070781707763671875,"SOUP":0,"INGOT":0.040000000000000000832667268468867405317723751068115234375,"is_cash":false}