{"date_update":1732238113,"FOOD":0.0001179999999999999950837936690817286944366060197353363037109375,"GOLD":9.050000000000000426915447437892225934774614870548248291015625e-5,"WOOD":6.66999999999999949699958090576501490431837737560272216796875e-5,"STONE":8.0000000000000006544244313122504763668985106050968170166015625e-5,"PLANKS":0.07975000000000000144328993201270350255072116851806640625,"SOUP":0.049833330000000002069082682965017738752067089080810546875,"INGOT":0.036249999999999997501998194593397784046828746795654296875,"is_cash":true}