{"date_update":1733744406,"FOOD":4.10000000000000004740131898106625385480583645403385162353515625e-5,"GOLD":0.000114400000000000002446480518170091045249137096107006072998046875,"WOOD":6.00000000000000015200514458246772164784488268196582794189453125e-5,"STONE":4.00000000000000032721221565612523818344925530254840850830078125e-5,"PLANKS":0.096967999999999998639310661019408144056797027587890625,"SOUP":0.1666666699999999889936219688024721108376979827880859375,"INGOT":0.09799998000000000042408743183841579593718051910400390625,"is_cash":false}