{"date_update":1737269794,"FOOD":9.020000000000000036520265978001731355107040144503116607666015625e-6,"GOLD":2.175999999999999833769255552784471774430130608379840850830078125e-5,"WOOD":1.2279999999999999317251871133738205799090792424976825714111328125e-5,"STONE":0.0003809999999999999910176018413920928651350550353527069091796875,"PLANKS":0.0813399999999999956390439592723851092159748077392578125,"SOUP":0.09030000000000000526245713672324200160801410675048828125,"INGOT":0.035599999999999999700239783351207734085619449615478515625,"is_cash":false}