{"date_update":1734386140,"FOOD":6.4999999999999994305770190106130712592857889831066131591796875e-5,"GOLD":5.0959999999999999980952736233774658103357069194316864013671875e-5,"WOOD":2.939999999999999972838567174893142919245292432606220245361328125e-5,"STONE":5.00000000000000023960868011929647991564706899225711822509765625e-5,"PLANKS":0.09457000000000000128341781646668096072971820831298828125,"SOUP":0.15166667000000000342652128892950713634490966796875,"INGOT":0.0960000000000000019984014443252817727625370025634765625,"is_cash":true}