{"date_update":1731052614,"FOOD":0.00011892000000000000660416166198274368070997297763824462890625,"GOLD":0.000100000000000000004792173602385929598312941379845142364501953125,"WOOD":0.0002358999999999999877368928036247552881832234561443328857421875,"STONE":8.33300000000000034607039456346910810680128633975982666015625e-5,"PLANKS":0.1640000000000000068833827526759705506265163421630859375,"SOUP":0.05000000000000000277555756156289135105907917022705078125,"INGOT":0.08200000000000000344169137633798527531325817108154296875,"is_cash":true}