{"date_update":1740511332,"FOOD":0.00020776000000000000304985203758434408882749266922473907470703125,"GOLD":0.0004040000000000000079762585425413590201060287654399871826171875,"WOOD":4.94000000000000013644467500295576201096992008388042449951171875e-5,"STONE":0.00200000000000000004163336342344337026588618755340576171875,"PLANKS":0.07199999999999999455990717933673295192420482635498046875,"SOUP":0.0201999999999999992061905373930130735971033573150634765625,"INGOT":0.040000000000000000832667268468867405317723751068115234375,"is_cash":false}