{"date_update":1731701564,"FOOD":0.000121999999999999997443884958148174746384029276669025421142578125,"GOLD":0.00011500000000000000347812056933349822429590858519077301025390625,"WOOD":7.9270000000000005063206798272545938743860460817813873291015625e-5,"STONE":8.33300000000000034607039456346910810680128633975982666015625e-5,"PLANKS":0.09180000000000000659472476627342985011637210845947265625,"SOUP":0.05000000000000000277555756156289135105907917022705078125,"INGOT":0.088944999999999996287414205653476528823375701904296875,"is_cash":true}