{"date_update":1732171869,"FOOD":5.3000000000000000778023478975597981843748129904270172119140625e-5,"GOLD":5.14999999999999981989233510670800342268194071948528289794921875e-5,"WOOD":4.17599999999999999737536338084709086615475825965404510498046875e-5,"STONE":8.2109999999999998200779505186375217817840166389942169189453125e-5,"PLANKS":0.07979999999999999593658372987192706204950809478759765625,"SOUP":0.049833330000000002069082682965017738752067089080810546875,"INGOT":0.037374999999999998501198916756038670428097248077392578125,"is_cash":false}