{"date_update":1733128949,"FOOD":4.77000000000000007002211310780381836593733169138431549072265625e-5,"GOLD":0.00099799999999999997220279102094764311914332211017608642578125,"WOOD":4.16699999999999991413812683305195605498738586902618408203125e-5,"STONE":4.00000000000000032721221565612523818344925530254840850830078125e-5,"PLANKS":0.040000000000000000832667268468867405317723751068115234375,"SOUP":0.0340000000000000024424906541753443889319896697998046875,"INGOT":0.02085700000000000053912430075797601602971553802490234375,"is_cash":false}