{"date_update":1734899461,"FOOD":3.7240000000000002592336068030220985747291706502437591552734375e-5,"GOLD":3.2900000000000000099399655173471046509803272783756256103515625e-5,"WOOD":1.889000000000000040515334143176318093537702225148677825927734375e-5,"STONE":3.33300000000000010646171444417262819115421734750270843505859375e-5,"PLANKS":0.0945600000000000051603166184577275998890399932861328125,"SOUP":0.13000000000000000444089209850062616169452667236328125,"INGOT":0.0754599999999999992983390484369010664522647857666015625,"is_cash":false}