{"date_update":1736281468,"FOOD":1.109000000000000054635983237627527842050767503678798675537109375e-5,"GOLD":0.0001666700000000000017434664822957302021677605807781219482421875,"WOOD":0.00012055999999999999767845426656975860169040970504283905029296875,"STONE":0,"PLANKS":0.08989999999999999380495552259162650443613529205322265625,"SOUP":0.10499999999999999611421941381195210851728916168212890625,"INGOT":0.043900000000000001521005543736464460380375385284423828125,"is_cash":false}