{"date_update":1737491330,"FOOD":8.53999999999999955002140394899612374501884914934635162353515625e-6,"GOLD":1.8870000000000000596640792327463032052037306129932403564453125e-5,"WOOD":1.0400000000000000376413310243517429398707463406026363372802734375e-5,"STONE":0.0003809999999999999910176018413920928651350550353527069091796875,"PLANKS":0.0813399999999999956390439592723851092159748077392578125,"SOUP":0.0805555599999999982774312456967891193926334381103515625,"INGOT":0.035599999999999999700239783351207734085619449615478515625,"is_cash":true}