{"date_update":1733346433,"FOOD":8.0900000000000001315440811833212819692562334239482879638671875e-5,"GOLD":0.00028600000000000001289246487345963032566942274570465087890625,"WOOD":0.0001387000000000000103465847001160682339104823768138885498046875,"STONE":4.00000000000000032721221565612523818344925530254840850830078125e-5,"PLANKS":0.09888500000000000067501559897209517657756805419921875,"SOUP":0.176999999999999990674126593148685060441493988037109375,"INGOT":0.0999899999999999955502261173023725859820842742919921875,"is_cash":false}