{"date_update":1734619810,"FOOD":4.89999999999999984179321899091519298963248729705810546875e-5,"GOLD":3.80000000000000020920765120280293558607809245586395263671875e-5,"WOOD":2.22999999999999999437949593783514501410536468029022216796875e-5,"STONE":5.00000000000000023960868011929647991564706899225711822509765625e-5,"PLANKS":0.0945600000000000051603166184577275998890399932861328125,"SOUP":0.1455882400000000076456529995994060300290584564208984375,"INGOT":0.09035700000000000675637323865885264240205287933349609375,"is_cash":false}