{"date_update":1736083169,"FOOD":1.641999999999999864286510942168462179324706085026264190673828125e-5,"GOLD":1.72899999999999987834904680017444889017497189342975616455078125e-5,"WOOD":1.1670000000000000075421439926781630447294446639716625213623046875e-5,"STONE":1.0000000000000000818030539140313095458623138256371021270751953125e-5,"PLANKS":0.08989999999999999380495552259162650443613529205322265625,"SOUP":0.1083333300000000054552629080717451870441436767578125,"INGOT":0.045400000000000002853273173286652308888733386993408203125,"is_cash":false}