{"date_update":1735493476,"FOOD":2.267000000000000148347480133370623889277339912950992584228515625e-5,"GOLD":2.6670000000000000455434301382950934566906653344631195068359375e-5,"WOOD":3.08999999999999989193540106402480205360916443169116973876953125e-5,"STONE":0,"PLANKS":0.0926695700000000066598460080058430321514606475830078125,"SOUP":0.11388889000000000650825171533142565749585628509521484375,"INGOT":0.054710000000000001685318551380987628363072872161865234375,"is_cash":false}