{"date_update":1732420490,"FOOD":3.69999999999999981139219007442164866006351076066493988037109375e-5,"GOLD":6.00000000000000015200514458246772164784488268196582794189453125e-5,"WOOD":3.000000000000000076002572291233860823922441340982913970947265625e-5,"STONE":8.0000000000000006544244313122504763668985106050968170166015625e-5,"PLANKS":0.070000000000000006661338147750939242541790008544921875,"SOUP":0.03529411999999999827171137667392031289637088775634765625,"INGOT":0.0299999999999999988897769753748434595763683319091796875,"is_cash":false}