{"date_update":1739466006,"FOOD":0.00023499999999999999296569630491404723215964622795581817626953125,"GOLD":0.001011109999999999960185181890892636147327721118927001953125,"WOOD":0.0004479999999999999932796812540658493162482045590877532958984375,"STONE":0.0003809999999999999910176018413920928651350550353527069091796875,"PLANKS":0.07270000000000000073274719625260331667959690093994140625,"SOUP":0.0225999999999999985622611831104222801513969898223876953125,"INGOT":0.040000000000000000832667268468867405317723751068115234375,"is_cash":false}