{"date_update":1735156518,"FOOD":2.97999999999999992867684428521357631325372494757175445556640625e-5,"GOLD":2.879999999999999869674562058552425014568143524229526519775390625e-5,"WOOD":6.7199999999999993570941325682355227399966679513454437255859375e-5,"STONE":3.33300000000000010646171444417262819115421734750270843505859375e-5,"PLANKS":0.0926695700000000066598460080058430321514606475830078125,"SOUP":0.11999999999999999555910790149937383830547332763671875,"INGOT":0.062950000000000005950795411990839056670665740966796875,"is_cash":false}