{"date_update":1732358031,"FOOD":6.3330000000000005212774656371266246424056589603424072265625e-5,"GOLD":6.8800000000000005356999566163977988253463990986347198486328125e-5,"WOOD":3.51100000000000009628929598104463138952269218862056732177734375e-5,"STONE":8.0000000000000006544244313122504763668985106050968170166015625e-5,"PLANKS":0.07380952000000000345902861909053171984851360321044921875,"SOUP":0.040000000000000000832667268468867405317723751068115234375,"INGOT":0.0299999999999999988897769753748434595763683319091796875,"is_cash":false}