{"date_update":1739379089,"FOOD":0.0002403700000000000042317538362368622983922250568866729736328125,"GOLD":0.00123999999999999999979183318288278314867056906223297119140625,"WOOD":0.000547999999999999984519327700382973489467985928058624267578125,"STONE":0.0003809999999999999910176018413920928651350550353527069091796875,"PLANKS":0.07317827000000000359225538204555050469934940338134765625,"SOUP":0.0230400000000000014510614931850795983336865901947021484375,"INGOT":0.040000000000000000832667268468867405317723751068115234375,"is_cash":false}