{"date_update":1733924471,"FOOD":3.7249999999999997414394659056569025779026560485363006591796875e-5,"GOLD":8.9800000000000000806819888676812979610986076295375823974609375e-5,"WOOD":5.40399999999999975969396104336084363239933736622333526611328125e-5,"STONE":4.00000000000000032721221565612523818344925530254840850830078125e-5,"PLANKS":0.0965000000000000024424906541753443889319896697998046875,"SOUP":0.1660000000000000086597395920762210153043270111083984375,"INGOT":0.0970000000000000028865798640254070051014423370361328125,"is_cash":false}