{"date_update":1732342704,"FOOD":6.6669999999999996951292879909800603854819200932979583740234375e-5,"GOLD":6.999999999999999386775251242198692125384695827960968017578125e-5,"WOOD":4.50000000000000028341044788771085904954816214740276336669921875e-5,"STONE":8.0000000000000006544244313122504763668985106050968170166015625e-5,"PLANKS":0.07499999999999999722444243843710864894092082977294921875,"SOUP":0.040000000000000000832667268468867405317723751068115234375,"INGOT":0.0299999999999999988897769753748434595763683319091796875,"is_cash":false}