{"date_update":1735283773,"FOOD":2.750000000000000097903456175441050390872987918555736541748046875e-5,"GOLD":2.799999999999999957998007837911558226551278494298458099365234375e-5,"WOOD":4.7299999999999997753706570957632493445998989045619964599609375e-5,"STONE":3.33300000000000010646171444417262819115421734750270843505859375e-5,"PLANKS":0.0926695700000000066598460080058430321514606475830078125,"SOUP":0.116055560000000002052189529422321356832981109619140625,"INGOT":0.059290000000000002422506639732091571204364299774169921875,"is_cash":false}