{"date_update":1741363212,"FOOD":0.0001979999999999999880755108261354280330124311149120330810546875,"GOLD":0.0002429800000000000080417617009942432559910230338573455810546875,"WOOD":2.4470000000000001190263165806726419759797863662242889404296875e-5,"STONE":0.0536999999999999977351450297646806575357913970947265625,"PLANKS":0.069000000000000005773159728050814010202884674072265625,"SOUP":0.449000000000000010214051826551440171897411346435546875,"INGOT":0.040000000000000000832667268468867405317723751068115234375,"is_cash":true}