{"date_update":1737416347,"FOOD":8.6500000000000001909063185312476207400322891771793365478515625e-6,"GOLD":1.997999999999999843941674015912468576061655767261981964111328125e-5,"WOOD":1.0970000000000000001218643241873706983824376948177814483642578125e-5,"STONE":0.0003809999999999999910176018413920928651350550353527069091796875,"PLANKS":0.0813399999999999956390439592723851092159748077392578125,"SOUP":0.08429999999999999993338661852249060757458209991455078125,"INGOT":0.035599999999999999700239783351207734085619449615478515625,"is_cash":false}