{"date_update":1734488240,"FOOD":6.05000000000000001209969624493822948352317325770854949951171875e-5,"GOLD":4.350000000000000025500435096859064287855289876461029052734375e-5,"WOOD":2.654000000000000000603683769639928868855349719524383544921875e-5,"STONE":5.00000000000000023960868011929647991564706899225711822509765625e-5,"PLANKS":0.09457000000000000128341781646668096072971820831298828125,"SOUP":0.1484375,"INGOT":0.0960000000000000019984014443252817727625370025634765625,"is_cash":false}