{"date_update":1732033760,"FOOD":6.4999999999999994305770190106130712592857889831066131591796875e-5,"GOLD":5.45499999999999977962072961190642672590911388397216796875e-5,"WOOD":5.50000000000000019580691235088210078174597583711147308349609375e-5,"STONE":8.33300000000000034607039456346910810680128633975982666015625e-5,"PLANKS":0.0848899999999999932409622260820469819009304046630859375,"SOUP":0.049899999999999999911182158029987476766109466552734375,"INGOT":0.04374999999999999722444243843710864894092082977294921875,"is_cash":false}