{"date_update":1733592132,"FOOD":5.679999999999999827672569896463983241119422018527984619140625e-5,"GOLD":0.00015699999999999999437776121435916820701095275580883026123046875,"WOOD":7.27600000000000013238021789874210298876278102397918701171875e-5,"STONE":4.00000000000000032721221565612523818344925530254840850830078125e-5,"PLANKS":0.096967999999999998639310661019408144056797027587890625,"SOUP":0.173999999999999988009591334048309363424777984619140625,"INGOT":0.0980000000000000037747582837255322374403476715087890625,"is_cash":false}