{"date_update":1732189713,"FOOD":6.00000000000000015200514458246772164784488268196582794189453125e-5,"GOLD":5.45499999999999977962072961190642672590911388397216796875e-5,"WOOD":9.3999999999999994475773090751857807845226489007472991943359375e-5,"STONE":8.2109999999999998200779505186375217817840166389942169189453125e-5,"PLANKS":0.07979999999999999593658372987192706204950809478759765625,"SOUP":0.049833330000000002069082682965017738752067089080810546875,"INGOT":0.037374999999999998501198916756038670428097248077392578125,"is_cash":true}