{"date_update":1733137613,"FOOD":4.75999999999999982695265965393360829693847335875034332275390625e-5,"GOLD":0.00049799999999999996179445016508680055267177522182464599609375,"WOOD":4.16699999999999991413812683305195605498738586902618408203125e-5,"STONE":4.00000000000000032721221565612523818344925530254840850830078125e-5,"PLANKS":0.0990000000000000046629367034256574697792530059814453125,"SOUP":0.0340000000000000024424906541753443889319896697998046875,"INGOT":0.02085700000000000053912430075797601602971553802490234375,"is_cash":true}