{"date_update":1732574897,"FOOD":9.3670000000000002717513714056707385680056177079677581787109375e-5,"GOLD":5.50000000000000019580691235088210078174597583711147308349609375e-5,"WOOD":5.33299999999999993125464337051511165554984472692012786865234375e-5,"STONE":8.0000000000000006544244313122504763668985106050968170166015625e-5,"PLANKS":0.068181820000000004089457661393680609762668609619140625,"SOUP":0.03529411999999999827171137667392031289637088775634765625,"INGOT":0.0299999999999999988897769753748434595763683319091796875,"is_cash":false}