{"date_update":1739407112,"FOOD":0.0002356600000000000035872693704419589266763068735599517822265625,"GOLD":0.00113689999999999993320065616586589385406114161014556884765625,"WOOD":0.00049200000000000003279321258986556131276302039623260498046875,"STONE":0.0003809999999999999910176018413920928651350550353527069091796875,"PLANKS":0.07317827000000000359225538204555050469934940338134765625,"SOUP":0.0230400000000000014510614931850795983336865901947021484375,"INGOT":0.040000000000000000832667268468867405317723751068115234375,"is_cash":true}