{"date_update":1741165680,"FOOD":0.00020000000000000000958434720477185919662588275969028472900390625,"GOLD":0.000262799999999999991072419103232959969318471848964691162109375,"WOOD":2.580000000000000031480894280289106745840399526059627532958984375e-5,"STONE":0.0536999999999999977351450297646806575357913970947265625,"PLANKS":0.069000000000000005773159728050814010202884674072265625,"SOUP":0.449000000000000010214051826551440171897411346435546875,"INGOT":0.040000000000000000832667268468867405317723751068115234375,"is_cash":false}