{"date_update":1739829131,"FOOD":0.000228000000000000012552459072168176135164685547351837158203125,"GOLD":0.0007272599999999999724475951978774901363067328929901123046875,"WOOD":0.00017500999999999999304396702815012076825951226055622100830078125,"STONE":0.0003809999999999999910176018413920928651350550353527069091796875,"PLANKS":0.07270000000000000073274719625260331667959690093994140625,"SOUP":0.0222000000000000009825473767932635382749140262603759765625,"INGOT":0.040000000000000000832667268468867405317723751068115234375,"is_cash":true}