{"date_update":1735734352,"FOOD":1.961000000000000028786868722097125328218680806457996368408203125e-5,"GOLD":2.233000000000000135062967754340235160270822234451770782470703125e-5,"WOOD":1.715000000000000012390262427164344671837170608341693878173828125e-5,"STONE":0,"PLANKS":0.0926695700000000066598460080058430321514606475830078125,"SOUP":0.11250000000000000277555756156289135105907917022705078125,"INGOT":0.047236000000000000209610107049229554831981658935546875,"is_cash":true}