{"date_update":1733766464,"FOOD":4.00000000000000032721221565612523818344925530254840850830078125e-5,"GOLD":0.00011040000000000000008638922910364499330171383917331695556640625,"WOOD":5.89000000000000018874658780365649590748944319784641265869140625e-5,"STONE":4.00000000000000032721221565612523818344925530254840850830078125e-5,"PLANKS":0.096967999999999998639310661019408144056797027587890625,"SOUP":0.1666666699999999889936219688024721108376979827880859375,"INGOT":0.09799998000000000042408743183841579593718051910400390625,"is_cash":true}