{"date_update":1732335924,"FOOD":6.6669999999999996951292879909800603854819200932979583740234375e-5,"GOLD":6.999999999999999386775251242198692125384695827960968017578125e-5,"WOOD":3.99000000000000008414276220225502811445039696991443634033203125e-5,"STONE":8.0000000000000006544244313122504763668985106050968170166015625e-5,"PLANKS":0.07499999999999999722444243843710864894092082977294921875,"SOUP":0.04166667000000000287140977661692886613309383392333984375,"INGOT":0.0299999999999999988897769753748434595763683319091796875,"is_cash":false}