{"date_update":1739805868,"FOOD":0.000228000000000000012552459072168176135164685547351837158203125,"GOLD":0.000727270000000000021479762413179059876711107790470123291015625,"WOOD":0.000186340000000000008233136394864004614646546542644500732421875,"STONE":0.0003809999999999999910176018413920928651350550353527069091796875,"PLANKS":0.07270000000000000073274719625260331667959690093994140625,"SOUP":0.0222000000000000009825473767932635382749140262603759765625,"INGOT":0.040000000000000000832667268468867405317723751068115234375,"is_cash":false}