{"date_update":1731070480,"FOOD":0.000112369999999999996471468366454615761540480889379978179931640625,"GOLD":0.000179989999999999989409305012344475471763871610164642333984375,"WOOD":0.0001984099999999999926203475553165844758041203022003173828125,"STONE":8.33300000000000034607039456346910810680128633975982666015625e-5,"PLANKS":0.1640000000000000068833827526759705506265163421630859375,"SOUP":0.05000000000000000277555756156289135105907917022705078125,"INGOT":0.08200000000000000344169137633798527531325817108154296875,"is_cash":false}