{"date_update":1740166282,"FOOD":0.00022000000000000000783227649403528403126983903348445892333984375,"GOLD":0.00049171000000000002032318757727580305072478950023651123046875,"WOOD":7.7020000000000004582688395426970373591757379472255706787109375e-5,"STONE":0,"PLANKS":0.07199999999999999455990717933673295192420482635498046875,"SOUP":0.02179999999999999993338661852249060757458209991455078125,"INGOT":0.040000000000000000832667268468867405317723751068115234375,"is_cash":false}