{"date_update":1734330960,"FOOD":6.8399999999999995634221428009169585493509657680988311767578125e-5,"GOLD":5.7299999999999996877671215589344910767977125942707061767578125e-5,"WOOD":3.1199999999999999435174036221951610059477388858795166015625e-5,"STONE":5.00000000000000023960868011929647991564706899225711822509765625e-5,"PLANKS":0.09457000000000000128341781646668096072971820831298828125,"SOUP":0.153571430000000008764260428506531752645969390869140625,"INGOT":0.0960000000000000019984014443252817727625370025634765625,"is_cash":false}