{"date_update":1738309691,"FOOD":7.79999999999999985879350905548790251486934721469879150390625e-6,"GOLD":1.410000000000000052661867921965921368609997443854808807373046875e-5,"WOOD":1.54000000000000016324615270679743161963415332138538360595703125e-5,"STONE":0.0003809999999999999910176018413920928651350550353527069091796875,"PLANKS":0.07649999999999999855671006798729649744927883148193359375,"SOUP":0.027400000000000000743849426498854882083833217620849609375,"INGOT":0.033300000000000003208544541166702401824295520782470703125,"is_cash":false}