{"date_update":1731844308,"FOOD":8.500000000000000610622663543836097232997417449951171875e-5,"GOLD":7.2999999999999999025952768239022816487704403698444366455078125e-5,"WOOD":5.18899999999999995471157421267349718618788756430149078369140625e-5,"STONE":8.33300000000000034607039456346910810680128633975982666015625e-5,"PLANKS":0.0889999999999999957811525064244051463901996612548828125,"SOUP":0.05000000000000000277555756156289135105907917022705078125,"INGOT":0.08000000000000000166533453693773481063544750213623046875,"is_cash":true}