{"date_update":1740476314,"FOOD":0.00020776000000000000304985203758434408882749266922473907470703125,"GOLD":0.00042000000000000001741662369880714322789572179317474365234375,"WOOD":5.14000000000000025444923945627806460834108293056488037109375e-5,"STONE":0.00200000000000000004163336342344337026588618755340576171875,"PLANKS":0.07199999999999999455990717933673295192420482635498046875,"SOUP":0.0201999999999999992061905373930130735971033573150634765625,"INGOT":0.040000000000000000832667268468867405317723751068115234375,"is_cash":false}