{"date_update":1733420959,"FOOD":7.4999999999999993429734834737843129914836026728153228759765625e-5,"GOLD":0.00024010000000000000851090031783741096660378389060497283935546875,"WOOD":0.00010150000000000000059501015226004483338329009711742401123046875,"STONE":4.00000000000000032721221565612523818344925530254840850830078125e-5,"PLANKS":0.0988799999999999956745710960603901185095310211181640625,"SOUP":0.174999999999999988897769753748434595763683319091796875,"INGOT":0.0980000000000000037747582837255322374403476715087890625,"is_cash":false}