{"date_update":1736148637,"FOOD":1.5469999999999999268189554424424159151385538280010223388671875e-5,"GOLD":1.69499999999999986506453442114406016116845421493053436279296875e-5,"WOOD":1.0499999999999999418976055765018173815406044013798236846923828125e-5,"STONE":1.0000000000000000818030539140313095458623138256371021270751953125e-5,"PLANKS":0.08989999999999999380495552259162650443613529205322265625,"SOUP":0.1083333300000000054552629080717451870441436767578125,"INGOT":0.045400000000000002853273173286652308888733386993408203125,"is_cash":false}