{"date_update":1733167467,"FOOD":9.77899999999999971524167197145516183809377253055572509765625e-5,"GOLD":0.0005980000000000000072442052356791464262641966342926025390625,"WOOD":0.000293999999999999990507593139454911579377949237823486328125,"STONE":4.00000000000000032721221565612523818344925530254840850830078125e-5,"PLANKS":0.0990000000000000046629367034256574697792530059814453125,"SOUP":0.033599999999999997923882943950957269407808780670166015625,"INGOT":0.02085599999999999953903540017563500441610813140869140625,"is_cash":true}