{"date_update":1734883211,"FOOD":3.7240000000000002592336068030220985747291706502437591552734375e-5,"GOLD":3.2950000000000001314746922442822096854797564446926116943359375e-5,"WOOD":1.910000000000000008860100153551542234708904288709163665771484375e-5,"STONE":3.33300000000000010646171444417262819115421734750270843505859375e-5,"PLANKS":0.0945600000000000051603166184577275998890399932861328125,"SOUP":0.13000000000000000444089209850062616169452667236328125,"INGOT":0.0754599999999999992983390484369010664522647857666015625,"is_cash":false}