{"date_update":1739052845,"FOOD":7.109999999999999688846986922730053493069135583937168121337890625e-6,"GOLD":1.1699999999999999788190263583231853772304020822048187255859375e-5,"WOOD":8.4400000000000005074586584274953793283202685415744781494140625e-6,"STONE":0.0003809999999999999910176018413920928651350550353527069091796875,"PLANKS":0.07466667000000000442572201109214802272617816925048828125,"SOUP":0.023500000000000000055511151231257827021181583404541015625,"INGOT":0.040000000000000000832667268468867405317723751068115234375,"is_cash":false}