{"date_update":1733586119,"FOOD":5.80100000000000019383279703522049430830520577728748321533203125e-5,"GOLD":0.000162499999999999992540689053299729494028724730014801025390625,"WOOD":7.2840000000000000557852375404621625420986674726009368896484375e-5,"STONE":4.00000000000000032721221565612523818344925530254840850830078125e-5,"PLANKS":0.096967999999999998639310661019408144056797027587890625,"SOUP":0.173999999999999988009591334048309363424777984619140625,"INGOT":0.0980000000000000037747582837255322374403476715087890625,"is_cash":false}