{"date_update":1732913171,"FOOD":4.894999999999999720258492263980087955133058130741119384765625e-5,"GOLD":4.3999999999999998855949867593295721235335804522037506103515625e-5,"WOOD":4.3000000000000001654058834343885564521769993007183074951171875e-5,"STONE":4.00000000000000032721221565612523818344925530254840850830078125e-5,"PLANKS":0.0566666700000000023162982643043505959212779998779296875,"SOUP":0.03529411999999999827171137667392031289637088775634765625,"INGOT":0.0210953000000000008562484055119057302363216876983642578125,"is_cash":false}