{"date_update":1731513506,"FOOD":9.992000000000000555812340596872900277958251535892486572265625e-5,"GOLD":8.6669999999999995199222169173225438498775474727153778076171875e-5,"WOOD":8.0000000000000006544244313122504763668985106050968170166015625e-5,"STONE":8.33300000000000034607039456346910810680128633975982666015625e-5,"PLANKS":0.0960000000000000019984014443252817727625370025634765625,"SOUP":0.05000000000000000277555756156289135105907917022705078125,"INGOT":0.0949666700000000030268410000644507817924022674560546875,"is_cash":false}