{"date_update":1731756031,"FOOD":0.000109890000000000006663385121452591874913196079432964324951171875,"GOLD":9.58900000000000051793291877544334056437946856021881103515625e-5,"WOOD":6.999999999999999386775251242198692125384695827960968017578125e-5,"STONE":8.33300000000000034607039456346910810680128633975982666015625e-5,"PLANKS":0.0889999999999999957811525064244051463901996612548828125,"SOUP":0.05000000000000000277555756156289135105907917022705078125,"INGOT":0.08000000000000000166533453693773481063544750213623046875,"is_cash":false}