{"date_update":1734447146,"FOOD":6.140000000000000166845703919449306340538896620273590087890625e-5,"GOLD":4.61800000000000017007402430824214434323948808014392852783203125e-5,"WOOD":2.7560000000000000404572209067310950558749027550220489501953125e-5,"STONE":5.00000000000000023960868011929647991564706899225711822509765625e-5,"PLANKS":0.09457000000000000128341781646668096072971820831298828125,"SOUP":0.1499999999999999944488848768742172978818416595458984375,"INGOT":0.0960000000000000019984014443252817727625370025634765625,"is_cash":false}