{"date_update":1731126465,"FOOD":5.97999999999999966586623767472730150984716601669788360595703125e-5,"GOLD":9.99800000000000015955292642644280931563116610050201416015625e-5,"WOOD":0.000104500000000000005753210408077080728617147542536258697509765625,"STONE":8.33300000000000034607039456346910810680128633975982666015625e-5,"PLANKS":0.1590000000000000024424906541753443889319896697998046875,"SOUP":0.05000000000000000277555756156289135105907917022705078125,"INGOT":0.08198999999999999344080237051457515917718410491943359375,"is_cash":true}