{"date_update":1734434099,"FOOD":6.19899999999999943255113432627467773272655904293060302734375e-5,"GOLD":4.79899999999999996177189875989910206044442020356655120849609375e-5,"WOOD":2.813000000000000002937754206566722814386594109237194061279296875e-5,"STONE":5.00000000000000023960868011929647991564706899225711822509765625e-5,"PLANKS":0.09457000000000000128341781646668096072971820831298828125,"SOUP":0.15166667000000000342652128892950713634490966796875,"INGOT":0.0960000000000000019984014443252817727625370025634765625,"is_cash":false}