{"date_update":1735960736,"FOOD":1.813000000000000090541289743395481082188780419528484344482421875e-5,"GOLD":1.830000000000000097183545932910675446692039258778095245361328125e-5,"WOOD":1.32300000000000003859933206395993465775973163545131683349609375e-5,"STONE":0,"PLANKS":0.08989999999999999380495552259162650443613529205322265625,"SOUP":0.10972221999999999531016925402582273818552494049072265625,"INGOT":0.046899999999999997246646898929611779749393463134765625,"is_cash":false}