{"date_update":1739389578,"FOOD":0.0002403700000000000042317538362368622983922250568866729736328125,"GOLD":0.0011858599999999999523303539916696536238305270671844482421875,"WOOD":0.000540000000000000006904199434387692235759459435939788818359375,"STONE":0.0003809999999999999910176018413920928651350550353527069091796875,"PLANKS":0.07317827000000000359225538204555050469934940338134765625,"SOUP":0.0230400000000000014510614931850795983336865901947021484375,"INGOT":0.040000000000000000832667268468867405317723751068115234375,"is_cash":false}