{"date_update":1737703331,"FOOD":8.32999999999999986657374384524388233330682851374149322509765625e-6,"GOLD":1.69999999999999998659926114807916519566788338124752044677734375e-5,"WOOD":3.44000000000000026784997830819889941267319954931735992431640625e-5,"STONE":0.0003809999999999999910176018413920928651350550353527069091796875,"PLANKS":0.07900000000000000077715611723760957829654216766357421875,"SOUP":0.07499999999999999722444243843710864894092082977294921875,"INGOT":0.035599999999999999700239783351207734085619449615478515625,"is_cash":true}