{"date_update":1736235072,"FOOD":1.1780000000000000716306354509033127442307886667549610137939453125e-5,"GOLD":1.679999999999999839273533142058880684999166987836360931396484375e-5,"WOOD":0.0001666700000000000017434664822957302021677605807781219482421875,"STONE":0,"PLANKS":0.08989999999999999380495552259162650443613529205322265625,"SOUP":0.10666667000000000509185582586724194698035717010498046875,"INGOT":0.043900000000000001521005543736464460380375385284423828125,"is_cash":true}