{"date_update":1735408621,"FOOD":2.42499999999999999084933366422234257697709836065769195556640625e-5,"GOLD":2.733000000000000091261199985925856026369729079306125640869140625e-5,"WOOD":3.61899999999999973988341894770570661421515978872776031494140625e-5,"STONE":0,"PLANKS":0.0926695700000000066598460080058430321514606475830078125,"SOUP":0.11388889000000000650825171533142565749585628509521484375,"INGOT":0.055820000000000001560973572622970095835626125335693359375,"is_cash":false}