{"date_update":1736751010,"FOOD":9.700000000000000302210513558609505935237393714487552642822265625e-6,"GOLD":8.9809999999999995628878479703161019642720930278301239013671875e-5,"WOOD":1.8400000000000000014398204850607498883618973195552825927734375e-5,"STONE":0,"PLANKS":0.0864000000000000045741188614556449465453624725341796875,"SOUP":0.1000000000000000055511151231257827021181583404541015625,"INGOT":0.041399999999999999300559494486151379533112049102783203125,"is_cash":false}