{"date_update":1739266494,"FOOD":0.00024200000000000000048398784979752917934092693030834197998046875,"GOLD":0.001809999999999999976962872239028001786209642887115478515625,"WOOD":0.000857000000000000014370449274991869970108382403850555419921875,"STONE":0.0003809999999999999910176018413920928651350550353527069091796875,"PLANKS":0.074651159999999994187902530029532499611377716064453125,"SOUP":0.023500000000000000055511151231257827021181583404541015625,"INGOT":0.040000000000000000832667268468867405317723751068115234375,"is_cash":false}