{"date_update":1731156688,"FOOD":7.7750000000000006063725910276929198516882024705410003662109375e-5,"GOLD":0.00014999999999999998685946966947568625982967205345630645751953125,"WOOD":0.00016401999999999999154016994129534623425570316612720489501953125,"STONE":8.33300000000000034607039456346910810680128633975982666015625e-5,"PLANKS":0.1590000000000000024424906541753443889319896697998046875,"SOUP":0.05000000000000000277555756156289135105907917022705078125,"INGOT":0.08000000000000000166533453693773481063544750213623046875,"is_cash":true}