{"date_update":1733165340,"FOOD":9.804000000000000322915305606130687010590918362140655517578125e-5,"GOLD":0.000619999999999999999895916591441391574335284531116485595703125,"WOOD":0.0003003600000000000041534831130007887622923590242862701416015625,"STONE":4.00000000000000032721221565612523818344925530254840850830078125e-5,"PLANKS":0.0990000000000000046629367034256574697792530059814453125,"SOUP":0.033599999999999997923882943950957269407808780670166015625,"INGOT":0.02085599999999999953903540017563500441610813140869140625,"is_cash":true}