{"date_update":1734597888,"FOOD":5.00000000000000023960868011929647991564706899225711822509765625e-5,"GOLD":3.89800000000000028735867851903407199642970226705074310302734375e-5,"WOOD":2.37000000000000000922005527481672970679937861859798431396484375e-5,"STONE":5.00000000000000023960868011929647991564706899225711822509765625e-5,"PLANKS":0.0945600000000000051603166184577275998890399932861328125,"SOUP":0.1455882400000000076456529995994060300290584564208984375,"INGOT":0.09035700000000000675637323865885264240205287933349609375,"is_cash":true}