{"date_update":1734761645,"FOOD":4.22599999999999985746991504331759870183304883539676666259765625e-5,"GOLD":3.3500000000000001131039706336878225556574761867523193359375e-5,"WOOD":2.08200000000000005613391695913350076807546429336071014404296875e-5,"STONE":0,"PLANKS":0.0945600000000000051603166184577275998890399932861328125,"SOUP":0.140230770000000004582574320011190138757228851318359375,"INGOT":0.0833979999999999999094058011905872263014316558837890625,"is_cash":false}