{"date_update":1734280109,"FOOD":6.999999999999999386775251242198692125384695827960968017578125e-5,"GOLD":5.97999999999999966586623767472730150984716601669788360595703125e-5,"WOOD":3.2900000000000000099399655173471046509803272783756256103515625e-5,"STONE":5.00000000000000023960868011929647991564706899225711822509765625e-5,"PLANKS":0.09457000000000000128341781646668096072971820831298828125,"SOUP":0.1558846200000000015162271438384777866303920745849609375,"INGOT":0.0960000000000000019984014443252817727625370025634765625,"is_cash":true}