{"date_update":1739873856,"FOOD":0.000228000000000000012552459072168176135164685547351837158203125,"GOLD":0.0006759999999999999516220317019588037510402500629425048828125,"WOOD":0.00016400000000000000189605275924265015419223345816135406494140625,"STONE":0.0003809999999999999910176018413920928651350550353527069091796875,"PLANKS":0.07270000000000000073274719625260331667959690093994140625,"SOUP":0.0221999499999999995447641509827008121646940708160400390625,"INGOT":0.040000000000000000832667268468867405317723751068115234375,"is_cash":false}