{"date_update":1736166652,"FOOD":1.4600000000000000821630090352964970179527881555259227752685546875e-5,"GOLD":1.679999999999999839273533142058880684999166987836360931396484375e-5,"WOOD":1.0809999999999999839052355898871837780461646616458892822265625e-5,"STONE":1.0000000000000000818030539140313095458623138256371021270751953125e-5,"PLANKS":0.08989999999999999380495552259162650443613529205322265625,"SOUP":0.10666667000000000509185582586724194698035717010498046875,"INGOT":0.045400000000000002853273173286652308888733386993408203125,"is_cash":false}