{"date_update":1735579008,"FOOD":2.120999999999999852139977163378858904252410866320133209228515625e-5,"GOLD":2.568000000000000146373364817709017415836569853127002716064453125e-5,"WOOD":2.52199999999999990916814407437840372949722222983837127685546875e-5,"STONE":0.000793650000000000019513557436567907643620856106281280517578125,"PLANKS":0.0926695700000000066598460080058430321514606475830078125,"SOUP":0.11388889000000000650825171533142565749585628509521484375,"INGOT":0.0504799999999999970956565675805904902517795562744140625,"is_cash":false}