{"date_update":1731761169,"FOOD":0.00010966999999999999860535171425368616837658919394016265869140625,"GOLD":8.500000000000000610622663543836097232997417449951171875e-5,"WOOD":7.260000000000000285570178615301983882091008126735687255859375e-5,"STONE":8.33300000000000034607039456346910810680128633975982666015625e-5,"PLANKS":0.0889999999999999957811525064244051463901996612548828125,"SOUP":0.05000000000000000277555756156289135105907917022705078125,"INGOT":0.08000000000000000166533453693773481063544750213623046875,"is_cash":false}