{"date_update":1737622427,"FOOD":8.399999999999999196367665710294403424995834939181804656982421875e-6,"GOLD":1.71699999999999999324151733759435956017114222049713134765625e-5,"WOOD":3.75999999999999991455619519076236656474065966904163360595703125e-5,"STONE":0.0003809999999999999910176018413920928651350550353527069091796875,"PLANKS":0.08000000000000000166533453693773481063544750213623046875,"SOUP":0.07699999999999999900079927783735911361873149871826171875,"INGOT":0.035599999999999999700239783351207734085619449615478515625,"is_cash":false}