{"date_update":1734098363,"FOOD":3.09799999999999981534042070574486160694505088031291961669921875e-5,"GOLD":7.6199999999999995493014937064657488008379004895687103271484375e-5,"WOOD":4.56499999999999983048282192754641073406673967838287353515625e-5,"STONE":0,"PLANKS":0.0965000000000000024424906541753443889319896697998046875,"SOUP":0.1650000000000000077715611723760957829654216766357421875,"INGOT":0.0970000000000000028865798640254070051014423370361328125,"is_cash":true}