{"date_update":1734868105,"FOOD":3.88000000000000012088420542344380237409495748579502105712890625e-5,"GOLD":3.3000000000000002530094189712173147199791856110095977783203125e-5,"WOOD":1.841999999999999982291075395490764776695868931710720062255859375e-5,"STONE":3.33300000000000010646171444417262819115421734750270843505859375e-5,"PLANKS":0.0945600000000000051603166184577275998890399932861328125,"SOUP":0.13209999999999999520383653361932374536991119384765625,"INGOT":0.0785700000000000009503509090791339986026287078857421875,"is_cash":true}