{"date_update":1736314672,"FOOD":1.086999999999999926459000321177228443048079498112201690673828125e-5,"GOLD":0.0001630000000000000046941617259932399974786676466464996337890625,"WOOD":0.000100000000000000004792173602385929598312941379845142364501953125,"STONE":0,"PLANKS":0.08989999999999999380495552259162650443613529205322265625,"SOUP":0.10499999999999999611421941381195210851728916168212890625,"INGOT":0.043900000000000001521005543736464460380375385284423828125,"is_cash":true}