{"date_update":1735376155,"FOOD":2.474000000000000029924847322337910782152903266251087188720703125e-5,"GOLD":2.750000000000000097903456175441050390872987918555736541748046875e-5,"WOOD":3.7979999999999998895432173906527850704151205718517303466796875e-5,"STONE":0,"PLANKS":0.0926695700000000066598460080058430321514606475830078125,"SOUP":0.115277779999999996363158061285503208637237548828125,"INGOT":0.056950000000000000621724893790087662637233734130859375,"is_cash":false}