{"date_update":1731814777,"FOOD":8.84600000000000034720837316370989356073550879955291748046875e-5,"GOLD":7.89399999999999997524202655085900914855301380157470703125e-5,"WOOD":5.59999999999999991599601567582311645310255698859691619873046875e-5,"STONE":8.33300000000000034607039456346910810680128633975982666015625e-5,"PLANKS":0.0889999999999999957811525064244051463901996612548828125,"SOUP":0.05000000000000000277555756156289135105907917022705078125,"INGOT":0.08000000000000000166533453693773481063544750213623046875,"is_cash":true}