{"date_update":1735277876,"FOOD":2.752999999999999899773749090226004909709445200860500335693359375e-5,"GOLD":2.8479999999999998372413045899520511738955974578857421875e-5,"WOOD":4.7299999999999997753706570957632493445998989045619964599609375e-5,"STONE":3.33300000000000010646171444417262819115421734750270843505859375e-5,"PLANKS":0.0926695700000000066598460080058430321514606475830078125,"SOUP":0.116055560000000002052189529422321356832981109619140625,"INGOT":0.059290000000000002422506639732091571204364299774169921875,"is_cash":true}