{"date_update":1734172533,"FOOD":2.720000000000000046321453617270691438534413464367389678955078125e-5,"GOLD":6.999999999999999386775251242198692125384695827960968017578125e-5,"WOOD":4.4599999999999999887589918756702900282107293605804443359375e-5,"STONE":5.00000000000000023960868011929647991564706899225711822509765625e-5,"PLANKS":0.0965000000000000024424906541753443889319896697998046875,"SOUP":0.161700000000000010391687510491465218365192413330078125,"INGOT":0.0960000000000000019984014443252817727625370025634765625,"is_cash":true}