{"date_update":1733370369,"FOOD":8.0000000000000006544244313122504763668985106050968170166015625e-5,"GOLD":0.00027599999999999998666344591669030705816112458705902099609375,"WOOD":0.00012747999999999999241016845896723452824517153203487396240234375,"STONE":4.00000000000000032721221565612523818344925530254840850830078125e-5,"PLANKS":0.09888500000000000067501559897209517657756805419921875,"SOUP":0.175999999999999989785948173448559828102588653564453125,"INGOT":0.0980000000000000037747582837255322374403476715087890625,"is_cash":true}