{"date_update":1740389623,"FOOD":0.00021560000000000000930193422288283500165562145411968231201171875,"GOLD":0.0004424699999999999835455233299086330589489080011844635009765625,"WOOD":6.06000000000000025516914969880843955252203159034252166748046875e-5,"STONE":0,"PLANKS":0.07199999999999999455990717933673295192420482635498046875,"SOUP":0.020600000000000000255351295663786004297435283660888671875,"INGOT":0.040000000000000000832667268468867405317723751068115234375,"is_cash":false}