{"date_update":1739836065,"FOOD":0.000228000000000000012552459072168176135164685547351837158203125,"GOLD":0.000717259999999999946218576241108166868798434734344482421875,"WOOD":0.00017101000000000000423640289515248014140524901449680328369140625,"STONE":0.0003809999999999999910176018413920928651350550353527069091796875,"PLANKS":0.07270000000000000073274719625260331667959690093994140625,"SOUP":0.0222000000000000009825473767932635382749140262603759765625,"INGOT":0.040000000000000000832667268468867405317723751068115234375,"is_cash":false}