{"date_update":1735716426,"FOOD":2.000000000000000163606107828062619091724627651274204254150390625e-5,"GOLD":2.300000000000000001799775606325937360452371649444103240966796875e-5,"WOOD":1.715000000000000012390262427164344671837170608341693878173828125e-5,"STONE":0,"PLANKS":0.0926695700000000066598460080058430321514606475830078125,"SOUP":0.11250000000000000277555756156289135105907917022705078125,"INGOT":0.047236000000000000209610107049229554831981658935546875,"is_cash":false}