{"date_update":1732478416,"FOOD":5.15700000000000026109149564579325897284434176981449127197265625e-5,"GOLD":5.98999999999999990893569112859751157884602434933185577392578125e-5,"WOOD":0.000100000000000000004792173602385929598312941379845142364501953125,"STONE":8.0000000000000006544244313122504763668985106050968170166015625e-5,"PLANKS":0.070000000000000006661338147750939242541790008544921875,"SOUP":0.03529411999999999827171137667392031289637088775634765625,"INGOT":0.0299999999999999988897769753748434595763683319091796875,"is_cash":false}