{"date_update":1731838802,"FOOD":8.600000000000000330811766868777112904353998601436614990234375e-5,"GOLD":7.4999999999999993429734834737843129914836026728153228759765625e-5,"WOOD":5.33299999999999993125464337051511165554984472692012786865234375e-5,"STONE":8.33300000000000034607039456346910810680128633975982666015625e-5,"PLANKS":0.0889999999999999957811525064244051463901996612548828125,"SOUP":0.05000000000000000277555756156289135105907917022705078125,"INGOT":0.08000000000000000166533453693773481063544750213623046875,"is_cash":false}