{"date_update":1735837017,"FOOD":1.91999999999999991311637470570161667637876234948635101318359375e-5,"GOLD":1.93000000000000015618582815957182674537762068212032318115234375e-5,"WOOD":1.397000000000000007722121553310756780774681828916072845458984375e-5,"STONE":0,"PLANKS":0.0926695700000000066598460080058430321514606475830078125,"SOUP":0.11111110999999999904286340779435704462230205535888671875,"INGOT":0.0471000000000000029753977059954195283353328704833984375,"is_cash":false}