{"date_update":1735793033,"FOOD":1.923000000000000053799846522206706822544219903647899627685546875e-5,"GOLD":2.076000000000000113580152227843456103073549456894397735595703125e-5,"WOOD":1.4949999999999999164665594186818253774617915041744709014892578125e-5,"STONE":0,"PLANKS":0.0926695700000000066598460080058430321514606475830078125,"SOUP":0.11250000000000000277555756156289135105907917022705078125,"INGOT":0.0471000000000000029753977059954195283353328704833984375,"is_cash":true}