{"date_update":1735875924,"FOOD":1.8819999999999999381293525058111981707043014466762542724609375e-5,"GOLD":1.900000000000000104603825601401467793039046227931976318359375e-5,"WOOD":1.3220000000000000481737046087449272135927458293735980987548828125e-5,"STONE":0,"PLANKS":0.09170000000000000373034936274052597582340240478515625,"SOUP":0.11111110999999999904286340779435704462230205535888671875,"INGOT":0.04700000000000000011102230246251565404236316680908203125,"is_cash":false}