{"date_update":1734549865,"FOOD":5.3000000000000000778023478975597981843748129904270172119140625e-5,"GOLD":4.0599999999999997527498629690256848334684036672115325927734375e-5,"WOOD":2.415000000000000086593059112072268135307240299880504608154296875e-5,"STONE":5.00000000000000023960868011929647991564706899225711822509765625e-5,"PLANKS":0.09457000000000000128341781646668096072971820831298828125,"SOUP":0.1468750000000000055511151231257827021181583404541015625,"INGOT":0.09039999999999999424904473244168912060558795928955078125,"is_cash":false}