{"date_update":1738435045,"FOOD":7.600000000000000079602123503885735544827184639871120452880859375e-6,"GOLD":1.3580000000000000423094718982053308309332351200282573699951171875e-5,"WOOD":1.2370000000000000149624236611689553910764516331255435943603515625e-5,"STONE":0.0003809999999999999910176018413920928651350550353527069091796875,"PLANKS":0.07649999999999999855671006798729649744927883148193359375,"SOUP":0.025700000000000000621724893790087662637233734130859375,"INGOT":0.033300000000000003208544541166702401824295520782470703125,"is_cash":false}