{"date_update":1733504947,"FOOD":6.700000000000000226207941267375645111314952373504638671875e-5,"GOLD":0.00020000000000000000958434720477185919662588275969028472900390625,"WOOD":8.2000000000000000948026379621325077096116729080677032470703125e-5,"STONE":4.00000000000000032721221565612523818344925530254840850830078125e-5,"PLANKS":0.096967999999999998639310661019408144056797027587890625,"SOUP":0.173999999999999988009591334048309363424777984619140625,"INGOT":0.0980000000000000037747582837255322374403476715087890625,"is_cash":false}