{"date_update":1733374126,"FOOD":7.899999999999999578982612380428918186225928366184234619140625e-5,"GOLD":0.00027599999999999998666344591669030705816112458705902099609375,"WOOD":0.00012055000000000000285639567554341056165867485105991363525390625,"STONE":4.00000000000000032721221565612523818344925530254840850830078125e-5,"PLANKS":0.09888500000000000067501559897209517657756805419921875,"SOUP":0.175999999999999989785948173448559828102588653564453125,"INGOT":0.0980000000000000037747582837255322374403476715087890625,"is_cash":true}