{"date_update":1735012602,"FOOD":3.4780000000000002428370005080893179183476604521274566650390625e-5,"GOLD":3.13999999999999975202995272649530988928745500743389129638671875e-5,"WOOD":1.599999999999999927596978921418013896982301957905292510986328125e-5,"STONE":3.33300000000000010646171444417262819115421734750270843505859375e-5,"PLANKS":0.0945600000000000051603166184577275998890399932861328125,"SOUP":0.125,"INGOT":0.06962000000000000132782673745168722234666347503662109375,"is_cash":false}