{"date_update":1735556063,"FOOD":2.161000000000000146791433175419427925589843653142452239990234375e-5,"GOLD":2.6670000000000000455434301382950934566906653344631195068359375e-5,"WOOD":2.574999999999999909946167553354001711340970359742641448974609375e-5,"STONE":0.000793650000000000019513557436567907643620856106281280517578125,"PLANKS":0.0926695700000000066598460080058430321514606475830078125,"SOUP":0.11388889000000000650825171533142565749585628509521484375,"INGOT":0.05254999999999999948929740867242799140512943267822265625,"is_cash":true}