{"date_update":1733424049,"FOOD":7.4999999999999993429734834737843129914836026728153228759765625e-5,"GOLD":0.00024010000000000000851090031783741096660378389060497283935546875,"WOOD":0.000100000000000000004792173602385929598312941379845142364501953125,"STONE":4.00000000000000032721221565612523818344925530254840850830078125e-5,"PLANKS":0.096967999999999998639310661019408144056797027587890625,"SOUP":0.174999999999999988897769753748434595763683319091796875,"INGOT":0.0980000000000000037747582837255322374403476715087890625,"is_cash":true}