{"date_update":1733578194,"FOOD":5.899999999999999754189683454086434721830300986766815185546875e-5,"GOLD":0.0001683300000000000095669305810730520533979870378971099853515625,"WOOD":7.2879999999999993398613895578819210641086101531982421875e-5,"STONE":4.00000000000000032721221565612523818344925530254840850830078125e-5,"PLANKS":0.096967999999999998639310661019408144056797027587890625,"SOUP":0.173999999999999988009591334048309363424777984619140625,"INGOT":0.0980000000000000037747582837255322374403476715087890625,"is_cash":false}