{"date_update":1736353765,"FOOD":1.0679999999999999389654892212320191902108490467071533203125e-5,"GOLD":0.00015699999999999999437776121435916820701095275580883026123046875,"WOOD":7.64299999999999983731069352899112345767207443714141845703125e-5,"STONE":0,"PLANKS":0.08980000000000000481836792687317938543856143951416015625,"SOUP":0.10499999999999999611421941381195210851728916168212890625,"INGOT":0.043900000000000001521005543736464460380375385284423828125,"is_cash":false}