{"date_update":1732850573,"FOOD":5.5300000000000002473889149090524597340845502912998199462890625e-5,"GOLD":4.800000000000000121604115665974177318275906145572662353515625e-5,"WOOD":3.40399999999999993490103211701836016800370998680591583251953125e-5,"STONE":4.00000000000000032721221565612523818344925530254840850830078125e-5,"PLANKS":0.0566666700000000023162982643043505959212779998779296875,"SOUP":0.03529411999999999827171137667392031289637088775634765625,"INGOT":0.0221095299999999987672349988088171812705695629119873046875,"is_cash":true}