{"date_update":1740749727,"FOOD":0.000207190000000000000036914915568786454969085752964019775390625,"GOLD":0.000348639999999999995912436379086329907295294106006622314453125,"WOOD":3.80000000000000020920765120280293558607809245586395263671875e-5,"STONE":0.0546666700000000005399414249041001312434673309326171875,"PLANKS":0.07055999999999999772182235346917877905070781707763671875,"SOUP":0.465000000000000024424906541753443889319896697998046875,"INGOT":0.040000000000000000832667268468867405317723751068115234375,"is_cash":false}