{"date_update":1733226503,"FOOD":9.385000000000000438225844501261008190340362489223480224609375e-5,"GOLD":0.0004916700000000000410349532131704108905978500843048095703125,"WOOD":0.00022189999999999999980536402599540224400698207318782806396484375,"STONE":4.00000000000000032721221565612523818344925530254840850830078125e-5,"PLANKS":0.0988900000000000056754601018838002346456050872802734375,"SOUP":0.1952000000000000123900889548167469911277294158935546875,"INGOT":0.02085599999999999953903540017563500441610813140869140625,"is_cash":false}