{"date_update":1740976838,"FOOD":0.00020319000000000001122935078257114582811482250690460205078125,"GOLD":0.00030111999999999999010069640092979170731268823146820068359375,"WOOD":3.0800000000000003264923054135948632392683066427707672119140625e-5,"STONE":0.054780000000000002302602553072574664838612079620361328125,"PLANKS":0.069000000000000005773159728050814010202884674072265625,"SOUP":0.458000000000000018207657603852567262947559356689453125,"INGOT":0.040000000000000000832667268468867405317723751068115234375,"is_cash":false}