{"date_update":1739292304,"FOOD":0.0002404999999999999911286241438546085191774182021617889404296875,"GOLD":0.00156999999999999999798772076786690377048216760158538818359375,"WOOD":0.000744799999999999997636612736329198014573194086551666259765625,"STONE":0.0003809999999999999910176018413920928651350550353527069091796875,"PLANKS":0.074651159999999994187902530029532499611377716064453125,"SOUP":0.023500000000000000055511151231257827021181583404541015625,"INGOT":0.040000000000000000832667268468867405317723751068115234375,"is_cash":false}