{"date_update":1736887066,"FOOD":9.700000000000000302210513558609505935237393714487552642822265625e-6,"GOLD":5.14199999999999989648731546498794386934605427086353302001953125e-5,"WOOD":1.643000000000000024118727848243537437156192027032375335693359375e-5,"STONE":0.000248139999999999992519317260075695230625569820404052734375,"PLANKS":0.083320000000000005169198402654728852212429046630859375,"SOUP":0.0970000000000000028865798640254070051014423370361328125,"INGOT":0.038219999999999997031263632152331410907208919525146484375,"is_cash":false}