{"date_update":1732209081,"FOOD":0.0001230000000000000081983031474663903281907550990581512451171875,"GOLD":9.500000000000000523019128007007338965195231139659881591796875e-5,"WOOD":8.2000000000000000948026379621325077096116729080677032470703125e-5,"STONE":8.2109999999999998200779505186375217817840166389942169189453125e-5,"PLANKS":0.07975000000000000144328993201270350255072116851806640625,"SOUP":0.049833330000000002069082682965017738752067089080810546875,"INGOT":0.036249999999999997501998194593397784046828746795654296875,"is_cash":true}