{"date_update":1733482797,"FOOD":7.1000000000000004622170701740202503060572780668735504150390625e-5,"GOLD":0.0002116700000000000113538345392072415052098222076892852783203125,"WOOD":8.67999999999999956486196328597770843771286308765411376953125e-5,"STONE":4.00000000000000032721221565612523818344925530254840850830078125e-5,"PLANKS":0.096967999999999998639310661019408144056797027587890625,"SOUP":0.173999999999999988009591334048309363424777984619140625,"INGOT":0.0980000000000000037747582837255322374403476715087890625,"is_cash":false}