{"date_update":1733316598,"FOOD":8.380000000000000404294653311154661423643119633197784423828125e-5,"GOLD":0.0002999999999999999737189393389513725196593441069126129150390625,"WOOD":0.0001579999999999999915796522476085783637245185673236846923828125,"STONE":4.00000000000000032721221565612523818344925530254840850830078125e-5,"PLANKS":0.09888500000000000067501559897209517657756805419921875,"SOUP":0.1808333299999999865814714894440839998424053192138671875,"INGOT":0.1000000000000000055511151231257827021181583404541015625,"is_cash":false}