{"date_update":1731322010,"FOOD":6.00000000000000015200514458246772164784488268196582794189453125e-5,"GOLD":8.7800000000000006403037822177992666183854453265666961669921875e-5,"WOOD":7.574999999999999810741668770930345999659039080142974853515625e-5,"STONE":8.33300000000000034607039456346910810680128633975982666015625e-5,"PLANKS":0.1000000000000000055511151231257827021181583404541015625,"SOUP":0.05000000000000000277555756156289135105907917022705078125,"INGOT":0.07799999999999999988897769753748434595763683319091796875,"is_cash":true}