{"date_update":1739169953,"FOOD":7.109999999999999688846986922730053493069135583937168121337890625e-6,"GOLD":1.1070000000000000737847283271975129537167958915233612060546875e-5,"WOOD":8.4400000000000005074586584274953793283202685415744781494140625e-6,"STONE":0.0003809999999999999910176018413920928651350550353527069091796875,"PLANKS":0.07466667000000000442572201109214802272617816925048828125,"SOUP":0.023500000000000000055511151231257827021181583404541015625,"INGOT":0.040000000000000000832667268468867405317723751068115234375,"is_cash":true}