{"date_update":1731726922,"FOOD":0.0001179999999999999950837936690817286944366060197353363037109375,"GOLD":0.00011249999999999999692086583014116740741883404552936553955078125,"WOOD":7.2799999999999994164563699161618615107727237045764923095703125e-5,"STONE":8.33300000000000034607039456346910810680128633975982666015625e-5,"PLANKS":0.09180000000000000659472476627342985011637210845947265625,"SOUP":0.05000000000000000277555756156289135105907917022705078125,"INGOT":0.08894000000000000516475751055622822605073451995849609375,"is_cash":false}