{"date_update":1739434341,"FOOD":0.00023499999999999999296569630491404723215964622795581817626953125,"GOLD":0.0011049499999999999426403274327412873390130698680877685546875,"WOOD":0.0004840000000000000009679756995950583586818538606166839599609375,"STONE":0.0003809999999999999910176018413920928651350550353527069091796875,"PLANKS":0.07317827000000000359225538204555050469934940338134765625,"SOUP":0.0230400000000000014510614931850795983336865901947021484375,"INGOT":0.040000000000000000832667268468867405317723751068115234375,"is_cash":false}