{"date_update":1740095619,"FOOD":0.0002224600000000000079962425569846118378336541354656219482421875,"GOLD":0.000508499999999999945966833170274412623257376253604888916015625,"WOOD":9.0000000000000005668208957754217180990963242948055267333984375e-5,"STONE":0,"PLANKS":0.07199999999999999455990717933673295192420482635498046875,"SOUP":0.02179999999999999993338661852249060757458209991455078125,"INGOT":0.040000000000000000832667268468867405317723751068115234375,"is_cash":false}