{"date_update":1735602492,"FOOD":2.078999999999999915450445142628410621910006739199161529541015625e-5,"GOLD":2.54799999999999999904763681168873290516785345971584320068359375e-5,"WOOD":2.421999999999999850165861847717252430811640806496143341064453125e-5,"STONE":0.000793650000000000019513557436567907643620856106281280517578125,"PLANKS":0.0926695700000000066598460080058430321514606475830078125,"SOUP":0.11388889000000000650825171533142565749585628509521484375,"INGOT":0.0504799999999999970956565675805904902517795562744140625,"is_cash":false}