{"date_update":1735461789,"FOOD":2.313000000000000046739521974981101948287687264382839202880859375e-5,"GOLD":2.69999999999999989899572561125040692786569707095623016357421875e-5,"WOOD":3.33000000000000030459142152938767367231776006519794464111328125e-5,"STONE":0,"PLANKS":0.0926695700000000066598460080058430321514606475830078125,"SOUP":0.11388889000000000650825171533142565749585628509521484375,"INGOT":0.054710000000000001685318551380987628363072872161865234375,"is_cash":false}