{"date_update":1732723994,"FOOD":6.726999999999999798293293107320778290159069001674652099609375e-5,"GOLD":5.3999999999999997979914512225008138557313941419124603271484375e-5,"WOOD":4.00000000000000032721221565612523818344925530254840850830078125e-5,"STONE":4.00000000000000032721221565612523818344925530254840850830078125e-5,"PLANKS":0.0566666700000000023162982643043505959212779998779296875,"SOUP":0.03529411999999999827171137667392031289637088775634765625,"INGOT":0.0221095299999999987672349988088171812705695629119873046875,"is_cash":false}