{"date_update":1739978077,"FOOD":0.000228000000000000012552459072168176135164685547351837158203125,"GOLD":0.000574399999999999975701381327297667667153291404247283935546875,"WOOD":0.00012212000000000000307122383080837835223064757883548736572265625,"STONE":0.0003809999999999999910176018413920928651350550353527069091796875,"PLANKS":0.07270000000000000073274719625260331667959690093994140625,"SOUP":0.0221999499999999995447641509827008121646940708160400390625,"INGOT":0.040000000000000000832667268468867405317723751068115234375,"is_cash":false}