{"date_update":1738018031,"FOOD":7.979999999999999829472345502789920601571793667972087860107421875e-6,"GOLD":1.56900000000000005499593835889271531414124183356761932373046875e-5,"WOOD":2.32000000000000014912550361234622187112108804285526275634765625e-5,"STONE":0.0003809999999999999910176018413920928651350550353527069091796875,"PLANKS":0.07799999999999999988897769753748434595763683319091796875,"SOUP":0.0288999999999999986066701040954285417683422565460205078125,"INGOT":0.0342999999999999971578290569595992565155029296875,"is_cash":false}