{"date_update":1740865363,"FOOD":0.00020319000000000001122935078257114582811482250690460205078125,"GOLD":0.000321800000000000015719370249911435166723094880580902099609375,"WOOD":3.33999999999999987003451717981761248665861785411834716796875e-5,"STONE":0.054780000000000002302602553072574664838612079620361328125,"PLANKS":0.07055999999999999772182235346917877905070781707763671875,"SOUP":0.458000000000000018207657603852567262947559356689453125,"INGOT":0.040000000000000000832667268468867405317723751068115234375,"is_cash":false}