{"date_update":1732638781,"FOOD":7.653000000000000080380146982861333526670932769775390625e-5,"GOLD":5.49799999999999987614247853873195026608300395309925079345703125e-5,"WOOD":5.19999999999999967998688676917851125836023129522800445556640625e-5,"STONE":8.0000000000000006544244313122504763668985106050968170166015625e-5,"PLANKS":0.0566666700000000023162982643043505959212779998779296875,"SOUP":0.03529411999999999827171137667392031289637088775634765625,"INGOT":0.025000000000000001387778780781445675529539585113525390625,"is_cash":false}