{"date_update":1735000855,"FOOD":3.54799999999999991144410127485997463736566714942455291748046875e-5,"GOLD":3.22800000000000026473788439229650748529820702970027923583984375e-5,"WOOD":1.6099999999999998318532534735680883386521600186824798583984375e-5,"STONE":3.33300000000000010646171444417262819115421734750270843505859375e-5,"PLANKS":0.0945600000000000051603166184577275998890399932861328125,"SOUP":0.125,"INGOT":0.07248000000000000275779399316888884641230106353759765625,"is_cash":false}