{"date_update":1741293861,"FOOD":0.00019980000000000000472295813569445499524590559303760528564453125,"GOLD":0.0002469799999999999968493258339918838828452862799167633056640625,"WOOD":2.4470000000000001190263165806726419759797863662242889404296875e-5,"STONE":0.0536999999999999977351450297646806575357913970947265625,"PLANKS":0.069000000000000005773159728050814010202884674072265625,"SOUP":0.449000000000000010214051826551440171897411346435546875,"INGOT":0.040000000000000000832667268468867405317723751068115234375,"is_cash":false}