{"date_update":1739260398,"FOOD":0.00024200000000000000048398784979752917934092693030834197998046875,"GOLD":0.0019590900000000001368594126915922970511019229888916015625,"WOOD":0.000877999999999999982715215285367094111279584467411041259765625,"STONE":0.0003809999999999999910176018413920928651350550353527069091796875,"PLANKS":0.074651159999999994187902530029532499611377716064453125,"SOUP":0.023500000000000000055511151231257827021181583404541015625,"INGOT":0.040000000000000000832667268468867405317723751068115234375,"is_cash":true}