{"date_update":1736521773,"FOOD":1.054000000000000073006704848221914971873047761619091033935546875e-5,"GOLD":0.00013699999999999999612983192509574337236699648201465606689453125,"WOOD":3.24500000000000027138014058181170184980146586894989013671875e-5,"STONE":0,"PLANKS":0.08812499999999999500399638918679556809365749359130859375,"SOUP":0.10299999999999999433786257441170164383947849273681640625,"INGOT":0.04220000000000000139888101102769724093377590179443359375,"is_cash":true}