{"date_update":1735107624,"FOOD":3.13699999999999995015965981171035537045099772512912750244140625e-5,"GOLD":3.000000000000000076002572291233860823922441340982913970947265625e-5,"WOOD":7.5199999999999998291123903815247331294813193380832672119140625e-5,"STONE":3.33300000000000010646171444417262819115421734750270843505859375e-5,"PLANKS":0.0926695700000000066598460080058430321514606475830078125,"SOUP":0.12222222000000000641239950027738814242184162139892578125,"INGOT":0.06422999999999999543032203064285567961633205413818359375,"is_cash":false}