{"date_update":1734303414,"FOOD":6.9499999999999995266806995797281842897064052522182464599609375e-5,"GOLD":5.73300000000000016726377227715971685029217042028903961181640625e-5,"WOOD":3.219999999999999663706506947136176677304320037364959716796875e-5,"STONE":5.00000000000000023960868011929647991564706899225711822509765625e-5,"PLANKS":0.09457000000000000128341781646668096072971820831298828125,"SOUP":0.153571430000000008764260428506531752645969390869140625,"INGOT":0.0960000000000000019984014443252817727625370025634765625,"is_cash":true}