{"date_update":1733208813,"FOOD":9.7299999999999993373529794116194580055889673531055450439453125e-5,"GOLD":0.000529999999999999980675180477618368968251161277294158935546875,"WOOD":0.00024000000000000000608020578329870886591379530727863311767578125,"STONE":4.00000000000000032721221565612523818344925530254840850830078125e-5,"PLANKS":0.0988900000000000056754601018838002346456050872802734375,"SOUP":0.1952000000000000123900889548167469911277294158935546875,"INGOT":0.02085599999999999953903540017563500441610813140869140625,"is_cash":false}