{"date_update":1733388049,"FOOD":7.899999999999999578982612380428918186225928366184234619140625e-5,"GOLD":0.000266669999999999992983112928612854375387541949748992919921875,"WOOD":0.000113980000000000003079585197962586562425713054835796356201171875,"STONE":4.00000000000000032721221565612523818344925530254840850830078125e-5,"PLANKS":0.0988799999999999956745710960603901185095310211181640625,"SOUP":0.174999999999999988897769753748434595763683319091796875,"INGOT":0.0980000000000000037747582837255322374403476715087890625,"is_cash":true}