{"date_update":1737233795,"FOOD":9.2000000000000000071991024253037494418094865977764129638671875e-6,"GOLD":2.2220000000000000709744762961150854607694782316684722900390625e-5,"WOOD":1.277999999999999961226328226704396229251869954168796539306640625e-5,"STONE":0.0003809999999999999910176018413920928651350550353527069091796875,"PLANKS":0.0813399999999999956390439592723851092159748077392578125,"SOUP":0.0919999999999999984456877655247808434069156646728515625,"INGOT":0.0362999999999999989341858963598497211933135986328125,"is_cash":false}