{"date_update":1733558075,"FOOD":6.09999999999999987219424790740873731920146383345127105712890625e-5,"GOLD":0.00017049999999999999726087163143262159792357124388217926025390625,"WOOD":7.4569999999999999240780923503990607059677131474018096923828125e-5,"STONE":4.00000000000000032721221565612523818344925530254840850830078125e-5,"PLANKS":0.096967999999999998639310661019408144056797027587890625,"SOUP":0.173999999999999988009591334048309363424777984619140625,"INGOT":0.0980000000000000037747582837255322374403476715087890625,"is_cash":true}