{"date_update":1731666554,"FOOD":0.000128799999999999986548260277885447067092172801494598388671875,"GOLD":8.4800000000000001244837566360956770949997007846832275390625e-5,"WOOD":7.9279999999999999885265389298893978775595314800739288330078125e-5,"STONE":8.33300000000000034607039456346910810680128633975982666015625e-5,"PLANKS":0.09192599999999999382804816150382976047694683074951171875,"SOUP":0.05000000000000000277555756156289135105907917022705078125,"INGOT":0.093945000000000000728306304154102690517902374267578125,"is_cash":false}