{"date_update":1736210974,"FOOD":1.273999999999999999523818405844366452583926729857921600341796875e-5,"GOLD":1.679999999999999839273533142058880684999166987836360931396484375e-5,"WOOD":1.0400000000000000376413310243517429398707463406026363372802734375e-5,"STONE":0,"PLANKS":0.08989999999999999380495552259162650443613529205322265625,"SOUP":0.10666667000000000509185582586724194698035717010498046875,"INGOT":0.0441000000000000003108624468950438313186168670654296875,"is_cash":false}