{"date_update":1735065005,"FOOD":3.3319999999999999466294975380975529333227314054965972900390625e-5,"GOLD":3.000000000000000076002572291233860823922441340982913970947265625e-5,"WOOD":1.520000000000000015920424700777147108965436927974224090576171875e-5,"STONE":3.33300000000000010646171444417262819115421734750270843505859375e-5,"PLANKS":0.0926695700000000066598460080058430321514606475830078125,"SOUP":0.1236111099999999962673058462314656935632228851318359375,"INGOT":0.06686999999999999888533608327634283341467380523681640625,"is_cash":false}