{"date_update":1734690180,"FOOD":4.60000000000000000359955121265187472090474329888820648193359375e-5,"GOLD":3.5469999999999997516118843687848993795341812074184417724609375e-5,"WOOD":2.12399999999999999282344897988394905041786842048168182373046875e-5,"STONE":0,"PLANKS":0.0945600000000000051603166184577275998890399932861328125,"SOUP":0.1430555599999999982774312456967891193926334381103515625,"INGOT":0.08509999999999999509281423115680809132754802703857421875,"is_cash":false}