{"date_update":1739956373,"FOOD":0.000228000000000000012552459072168176135164685547351837158203125,"GOLD":0.000597870000000000020347334928061400205479003489017486572265625,"WOOD":0.00013323999999999999147189122528089910701964981853961944580078125,"STONE":0.0003809999999999999910176018413920928651350550353527069091796875,"PLANKS":0.07270000000000000073274719625260331667959690093994140625,"SOUP":0.0221999499999999995447641509827008121646940708160400390625,"INGOT":0.040000000000000000832667268468867405317723751068115234375,"is_cash":false}