{"date_update":1738266923,"FOOD":7.79999999999999985879350905548790251486934721469879150390625e-6,"GOLD":1.41999999999999995691814247411599581027985550463199615478515625e-5,"WOOD":1.5990000000000001065779409170630742664798162877559661865234375e-5,"STONE":0.0003809999999999999910176018413920928651350550353527069091796875,"PLANKS":0.07649999999999999855671006798729649744927883148193359375,"SOUP":0.027900000000000001187938636348917498253285884857177734375,"INGOT":0.033300000000000003208544541166702401824295520782470703125,"is_cash":false}