{"date_update":1732161404,"FOOD":6.00000000000000015200514458246772164784488268196582794189453125e-5,"GOLD":4.89999999999999984179321899091519298963248729705810546875e-5,"WOOD":2.5360000000000001139401073491086435751640237867832183837890625e-5,"STONE":8.2109999999999998200779505186375217817840166389942169189453125e-5,"PLANKS":0.07979999999999999593658372987192706204950809478759765625,"SOUP":0.049899999999999999911182158029987476766109466552734375,"INGOT":0.037374999999999998501198916756038670428097248077392578125,"is_cash":true}