{"date_update":1732193832,"FOOD":0.000125000000000000002602085213965210641617886722087860107421875,"GOLD":0.000100000000000000004792173602385929598312941379845142364501953125,"WOOD":9.0000000000000005668208957754217180990963242948055267333984375e-5,"STONE":8.2109999999999998200779505186375217817840166389942169189453125e-5,"PLANKS":0.07979999999999999593658372987192706204950809478759765625,"SOUP":0.049833330000000002069082682965017738752067089080810546875,"INGOT":0.037374999999999998501198916756038670428097248077392578125,"is_cash":true}