{"date_update":1739123639,"FOOD":7.109999999999999688846986922730053493069135583937168121337890625e-6,"GOLD":1.13999999999999992723702380015282642489182762801647186279296875e-5,"WOOD":8.21999999999999922568882926299238533829338848590850830078125e-6,"STONE":0.0003809999999999999910176018413920928651350550353527069091796875,"PLANKS":0.07466667000000000442572201109214802272617816925048828125,"SOUP":0.023500000000000000055511151231257827021181583404541015625,"INGOT":0.040000000000000000832667268468867405317723751068115234375,"is_cash":false}