{"date_update":1733679480,"FOOD":4.50800000000000020681546752943091860288404859602451324462890625e-5,"GOLD":0.0001347599999999999904713721132765158472466282546520233154296875,"WOOD":6.4999999999999994305770190106130712592857889831066131591796875e-5,"STONE":4.00000000000000032721221565612523818344925530254840850830078125e-5,"PLANKS":0.096967999999999998639310661019408144056797027587890625,"SOUP":0.172999999999999987121412914348184131085872650146484375,"INGOT":0.09799998000000000042408743183841579593718051910400390625,"is_cash":true}