{"date_update":1736262788,"FOOD":1.1539999999999999626023976240229984568941290490329265594482421875e-5,"GOLD":0.0001666700000000000017434664822957302021677605807781219482421875,"WOOD":0.00013962999999999998958395697190582041002926416695117950439453125,"STONE":0,"PLANKS":0.08989999999999999380495552259162650443613529205322265625,"SOUP":0.10666667000000000509185582586724194698035717010498046875,"INGOT":0.043900000000000001521005543736464460380375385284423828125,"is_cash":false}