{"date_update":1733414355,"FOOD":7.5799999999999999322763954978654510341584682464599609375e-5,"GOLD":0.0002450999999999999945203554840844617501716129481792449951171875,"WOOD":0.000101730000000000003475102150485298579951631836593151092529296875,"STONE":4.00000000000000032721221565612523818344925530254840850830078125e-5,"PLANKS":0.0988799999999999956745710960603901185095310211181640625,"SOUP":0.174999999999999988897769753748434595763683319091796875,"INGOT":0.0980000000000000037747582837255322374403476715087890625,"is_cash":true}