{"date_update":1731395951,"FOOD":7.9950000000000005328897045853153713323990814387798309326171875e-5,"GOLD":8.500000000000000610622663543836097232997417449951171875e-5,"WOOD":7.6089999999999998240261811499607347286655567586421966552734375e-5,"STONE":8.33300000000000034607039456346910810680128633975982666015625e-5,"PLANKS":0.0975000000000000033306690738754696212708950042724609375,"SOUP":0.05000000000000000277555756156289135105907917022705078125,"INGOT":0.09990000000000000268673971959287882782518863677978515625,"is_cash":true}