{"date_update":1733216095,"FOOD":9.699999999999999963397334656889370307908393442630767822265625e-5,"GOLD":0.000519999999999999954446161520849045700742863118648529052734375,"WOOD":0.0002219699999999999906648284753174493744154460728168487548828125,"STONE":4.00000000000000032721221565612523818344925530254840850830078125e-5,"PLANKS":0.0988900000000000056754601018838002346456050872802734375,"SOUP":0.1952000000000000123900889548167469911277294158935546875,"INGOT":0.02085599999999999953903540017563500441610813140869140625,"is_cash":true}