{"date_update":1734198216,"FOOD":2.6460000000000000771986641279198693155194632709026336669921875e-5,"GOLD":6.559999999999999533741024126953789163962937891483306884765625e-5,"WOOD":3.8609999999999997945775154217784574939287267625331878662109375e-5,"STONE":5.00000000000000023960868011929647991564706899225711822509765625e-5,"PLANKS":0.0965000000000000024424906541753443889319896697998046875,"SOUP":0.1588461499999999915200277200710843317210674285888671875,"INGOT":0.0960000000000000019984014443252817727625370025634765625,"is_cash":true}