{"date_update":1736052172,"FOOD":1.67500000000000005655198531684391127782873809337615966796875e-5,"GOLD":1.72899999999999987834904680017444889017497189342975616455078125e-5,"WOOD":1.2749999999999999899494458610593738967509125359356403350830078125e-5,"STONE":1.0000000000000000818030539140313095458623138256371021270751953125e-5,"PLANKS":0.08989999999999999380495552259162650443613529205322265625,"SOUP":0.10972221999999999531016925402582273818552494049072265625,"INGOT":0.045400000000000002853273173286652308888733386993408203125,"is_cash":false}