{"date_update":1736946783,"FOOD":9.510000000000000427275402559157413406865089200437068939208984375e-6,"GOLD":4.37499999999999995554771092809431820569443516433238983154296875e-5,"WOOD":1.4660000000000000247167737665865416829547029919922351837158203125e-5,"STONE":0.000248139999999999992519317260075695230625569820404052734375,"PLANKS":0.08300000000000000432986979603811050765216350555419921875,"SOUP":0.095833329999999994353032661820179782807826995849609375,"INGOT":0.038219999999999997031263632152331410907208919525146484375,"is_cash":true}