{"date_update":1736102653,"FOOD":1.6099999999999998318532534735680883386521600186824798583984375e-5,"GOLD":1.72899999999999987834904680017444889017497189342975616455078125e-5,"WOOD":1.1029999999999999426756290554774153633843525312840938568115234375e-5,"STONE":1.0000000000000000818030539140313095458623138256371021270751953125e-5,"PLANKS":0.08989999999999999380495552259162650443613529205322265625,"SOUP":0.1083333300000000054552629080717451870441436767578125,"INGOT":0.045400000000000002853273173286652308888733386993408203125,"is_cash":false}