{"date_update":1733118227,"FOOD":4.77799999999999999342713274952387791927321814000606536865234375e-5,"GOLD":3.4999999999999996933876256210993460626923479139804840087890625e-5,"WOOD":4.33300000000000001885817890734386992335203103721141815185546875e-5,"STONE":4.00000000000000032721221565612523818344925530254840850830078125e-5,"PLANKS":0.040000000000000000832667268468867405317723751068115234375,"SOUP":0.0340000000000000024424906541753443889319896697998046875,"INGOT":0.02085700000000000053912430075797601602971553802490234375,"is_cash":true}