{"date_update":1733237150,"FOOD":9.2000000000000000071991024253037494418094865977764129638671875e-5,"GOLD":0.0004371399999999999786727544748288210030295886099338531494140625,"WOOD":0.00020000000000000000958434720477185919662588275969028472900390625,"STONE":4.00000000000000032721221565612523818344925530254840850830078125e-5,"PLANKS":0.0988900000000000056754601018838002346456050872802734375,"SOUP":0.1829900000000000137578837211549398489296436309814453125,"INGOT":0.02085599999999999953903540017563500441610813140869140625,"is_cash":false}