{"date_update":1733601059,"FOOD":5.59999999999999991599601567582311645310255698859691619873046875e-5,"GOLD":0.00015499999999999999997397914786034789358382113277912139892578125,"WOOD":7.2639999999999995696463306327217424041009508073329925537109375e-5,"STONE":4.00000000000000032721221565612523818344925530254840850830078125e-5,"PLANKS":0.096967999999999998639310661019408144056797027587890625,"SOUP":0.1735714299999999987722532068801228888332843780517578125,"INGOT":0.0980000000000000037747582837255322374403476715087890625,"is_cash":false}