{"date_update":1736011989,"FOOD":1.67500000000000005655198531684391127782873809337615966796875e-5,"GOLD":1.72899999999999987834904680017444889017497189342975616455078125e-5,"WOOD":1.2500000000000000599021700298241199789117672480642795562744140625e-5,"STONE":0,"PLANKS":0.08989999999999999380495552259162650443613529205322265625,"SOUP":0.10972221999999999531016925402582273818552494049072265625,"INGOT":0.046300000000000000877076189453873666934669017791748046875,"is_cash":true}