{"date_update":1736341099,"FOOD":1.0679999999999999389654892212320191902108490467071533203125e-5,"GOLD":0.00016000000000000001308848862624500952733797021210193634033203125,"WOOD":8.517999999999999421844421032545824346016161143779754638671875e-5,"STONE":0,"PLANKS":0.08989999999999999380495552259162650443613529205322265625,"SOUP":0.10499999999999999611421941381195210851728916168212890625,"INGOT":0.043900000000000001521005543736464460380375385284423828125,"is_cash":false}