{"date_update":1734810068,"FOOD":4.10000000000000004740131898106625385480583645403385162353515625e-5,"GOLD":3.19999999999999985519395784283602779396460391581058502197265625e-5,"WOOD":1.968999999999999952191888363817184881554567255079746246337890625e-5,"STONE":3.33300000000000010646171444417262819115421734750270843505859375e-5,"PLANKS":0.0945600000000000051603166184577275998890399932861328125,"SOUP":0.1361111100000000073695360924830310977995395660400390625,"INGOT":0.08179999999999999771294056927217752672731876373291015625,"is_cash":false}