{"date_update":1736394685,"FOOD":1.086999999999999926459000321177228443048079498112201690673828125e-5,"GOLD":0.00014999999999999998685946966947568625982967205345630645751953125,"WOOD":6.150000000000000409915157373319516409537754952907562255859375e-5,"STONE":0,"PLANKS":0.08980000000000000481836792687317938543856143951416015625,"SOUP":0.10499999999999999611421941381195210851728916168212890625,"INGOT":0.04370000000000000273114864057788508944213390350341796875,"is_cash":false}