{"date_update":1732265353,"FOOD":7.333000000000000433673930100297866374603472650051116943359375e-5,"GOLD":6.999999999999999386775251242198692125384695827960968017578125e-5,"WOOD":4.84600000000000001999615750758465537728625349700450897216796875e-5,"STONE":8.0000000000000006544244313122504763668985106050968170166015625e-5,"PLANKS":0.07975000000000000144328993201270350255072116851806640625,"SOUP":0.049833330000000002069082682965017738752067089080810546875,"INGOT":0.036249999999999997501998194593397784046828746795654296875,"is_cash":true}