{"date_update":1735467909,"FOOD":2.313000000000000046739521974981101948287687264382839202880859375e-5,"GOLD":2.6670000000000000455434301382950934566906653344631195068359375e-5,"WOOD":3.2799999999999997668705120634768945819814689457416534423828125e-5,"STONE":0,"PLANKS":0.0926695700000000066598460080058430321514606475830078125,"SOUP":0.11388889000000000650825171533142565749585628509521484375,"INGOT":0.054710000000000001685318551380987628363072872161865234375,"is_cash":false}