{"date_update":1735220440,"FOOD":2.82000000000000010532373584393184273721999488770961761474609375e-5,"GOLD":2.8500000000000001569057384021022016895585693418979644775390625e-5,"WOOD":5.28300000000000007116009170804460381987155415117740631103515625e-5,"STONE":3.33300000000000010646171444417262819115421734750270843505859375e-5,"PLANKS":0.0926695700000000066598460080058430321514606475830078125,"SOUP":0.118055560000000003828546368822571821510791778564453125,"INGOT":0.0604999999999999982236431605997495353221893310546875,"is_cash":false}