{"date_update":1737123126,"FOOD":9.25999999999999943273674973820419609182863496243953704833984375e-6,"GOLD":2.69999999999999989899572561125040692786569707095623016357421875e-5,"WOOD":1.2999999999999999199967216922946278145900578238070011138916015625e-5,"STONE":0.000388400000000000008258671524430383215076290071010589599609375,"PLANKS":0.0813399999999999956390439592723851092159748077392578125,"SOUP":0.09444444000000000449812631586610223166644573211669921875,"INGOT":0.03719999999999999695798891252707107923924922943115234375,"is_cash":false}