{"date_update":1739275047,"FOOD":0.00024149999999999998833051517710401867589098401367664337158203125,"GOLD":0.00169999999999999990528409821166633264510892331600189208984375,"WOOD":0.000828199999999999964851726819148325375863350927829742431640625,"STONE":0.0003809999999999999910176018413920928651350550353527069091796875,"PLANKS":0.074651159999999994187902530029532499611377716064453125,"SOUP":0.023500000000000000055511151231257827021181583404541015625,"INGOT":0.040000000000000000832667268468867405317723751068115234375,"is_cash":false}