{"date_update":1735680345,"FOOD":2.02999999999999987637493148451284241673420183360576629638671875e-5,"GOLD":2.402000000000000041653312743417103547471924684941768646240234375e-5,"WOOD":1.860000000000000148765548491081034399030613712966442108154296875e-5,"STONE":0,"PLANKS":0.0926695700000000066598460080058430321514606475830078125,"SOUP":0.11250000000000000277555756156289135105907917022705078125,"INGOT":0.048199999999999999789057625321220257319509983062744140625,"is_cash":false}