{"date_update":1734131712,"FOOD":2.941000000000000132670784080968218177076778374612331390380859375e-5,"GOLD":7.198999999999999344947598789445919464924372732639312744140625e-5,"WOOD":4.5200000000000000919229969920110079328878782689571380615234375e-5,"STONE":0,"PLANKS":0.0965000000000000024424906541753443889319896697998046875,"SOUP":0.1650000000000000077715611723760957829654216766357421875,"INGOT":0.0970000000000000028865798640254070051014423370361328125,"is_cash":false}