{"date_update":1737281809,"FOOD":9.020000000000000036520265978001731355107040144503116607666015625e-6,"GOLD":2.13199999999999991622846862160400860375375486910343170166015625e-5,"WOOD":1.209999999999999934657303468643618771238834597170352935791015625e-5,"STONE":0.0003809999999999999910176018413920928651350550353527069091796875,"PLANKS":0.0813399999999999956390439592723851092159748077392578125,"SOUP":0.09030000000000000526245713672324200160801410675048828125,"INGOT":0.035599999999999999700239783351207734085619449615478515625,"is_cash":false}