{"date_update":1731207528,"FOOD":8.500000000000000610622663543836097232997417449951171875e-5,"GOLD":0.00010966999999999999860535171425368616837658919394016265869140625,"WOOD":8.673999999999999961121377456407799400039948523044586181640625e-5,"STONE":8.33300000000000034607039456346910810680128633975982666015625e-5,"PLANKS":0.1499999999999999944488848768742172978818416595458984375,"SOUP":0.05000000000000000277555756156289135105907917022705078125,"INGOT":0.08000000000000000166533453693773481063544750213623046875,"is_cash":true}