{"date_update":1731060811,"FOOD":0.00011238000000000000484605411354976922666537575423717498779296875,"GOLD":0.000100000000000000004792173602385929598312941379845142364501953125,"WOOD":0.0002214200000000000044010628474921986708068288862705230712890625,"STONE":8.33300000000000034607039456346910810680128633975982666015625e-5,"PLANKS":0.1640000000000000068833827526759705506265163421630859375,"SOUP":0.05000000000000000277555756156289135105907917022705078125,"INGOT":0.08200000000000000344169137633798527531325817108154296875,"is_cash":true}