{"date_update":1740058989,"FOOD":0.00022699999999999998824551372678115512826479971408843994140625,"GOLD":0.000518499999999999972195852127043735890765674412250518798828125,"WOOD":0.000101479999999999997398365814138543328226660378277301788330078125,"STONE":0.0003809999999999999910176018413920928651350550353527069091796875,"PLANKS":0.07199999999999999455990717933673295192420482635498046875,"SOUP":0.02179999999999999993338661852249060757458209991455078125,"INGOT":0.040000000000000000832667268468867405317723751068115234375,"is_cash":false}