{"date_update":1735896109,"FOOD":1.879999999999999957278097595381183282370329834520816802978515625e-5,"GOLD":1.900000000000000104603825601401467793039046227931976318359375e-5,"WOOD":1.3479999999999999686466078951951885755988769233226776123046875e-5,"STONE":0,"PLANKS":0.08989999999999999380495552259162650443613529205322265625,"SOUP":0.11111110999999999904286340779435704462230205535888671875,"INGOT":0.04700000000000000011102230246251565404236316680908203125,"is_cash":false}