{"date_update":1739239952,"FOOD":0.000246000000000000016396606294932780656381510198116302490234375,"GOLD":0.001998999999999999908906200829505905858241021633148193359375,"WOOD":0.000949999999999999998091804176425512196146883070468902587890625,"STONE":0.0003809999999999999910176018413920928651350550353527069091796875,"PLANKS":0.074651159999999994187902530029532499611377716064453125,"SOUP":0.023500000000000000055511151231257827021181583404541015625,"INGOT":0.040000000000000000832667268468867405317723751068115234375,"is_cash":false}