{"date_update":1741440088,"FOOD":0.00019404000000000000566123536938079041647142730653285980224609375,"GOLD":0.00023812999999999999857329402441763477327185682952404022216796875,"WOOD":2.4470000000000001190263165806726419759797863662242889404296875e-5,"STONE":0.0536999999999999977351450297646806575357913970947265625,"PLANKS":0.04900000000000000188737914186276611872017383575439453125,"SOUP":0.449000000000000010214051826551440171897411346435546875,"INGOT":0.05000000000000000277555756156289135105907917022705078125,"is_cash":false}