{"date_update":1731393769,"FOOD":7.9950000000000005328897045853153713323990814387798309326171875e-5,"GOLD":8.7800000000000006403037822177992666183854453265666961669921875e-5,"WOOD":9.60000000000000024320823133194835463655181229114532470703125e-5,"STONE":8.33300000000000034607039456346910810680128633975982666015625e-5,"PLANKS":0.0975000000000000033306690738754696212708950042724609375,"SOUP":0.05000000000000000277555756156289135105907917022705078125,"INGOT":0.1000000000000000055511151231257827021181583404541015625,"is_cash":true}