{"date_update":1736786569,"FOOD":9.700000000000000302210513558609505935237393714487552642822265625e-6,"GOLD":7.8440000000000001151474748883885013128747232258319854736328125e-5,"WOOD":1.8400000000000000014398204850607498883618973195552825927734375e-5,"STONE":0.000248139999999999992519317260075695230625569820404052734375,"PLANKS":0.0864000000000000045741188614556449465453624725341796875,"SOUP":0.1000000000000000055511151231257827021181583404541015625,"INGOT":0.0405999999999999972022379779446055181324481964111328125,"is_cash":false}