{"date_update":1733788376,"FOOD":3.99000000000000008414276220225502811445039696991443634033203125e-5,"GOLD":0.000104099999999999996030432269922272325857193209230899810791015625,"WOOD":5.7979999999999997143361463169952685348107479512691497802734375e-5,"STONE":4.00000000000000032721221565612523818344925530254840850830078125e-5,"PLANKS":0.096967999999999998639310661019408144056797027587890625,"SOUP":0.1666666699999999889936219688024721108376979827880859375,"INGOT":0.0970000000000000028865798640254070051014423370361328125,"is_cash":false}