{"date_update":1731572803,"FOOD":0.00018900000000000001325849152689073662259033881127834320068359375,"GOLD":8.9330000000000000224577301199957446442567743360996246337890625e-5,"WOOD":9.7499999999999998234918863193598781435866840183734893798828125e-5,"STONE":8.33300000000000034607039456346910810680128633975982666015625e-5,"PLANKS":0.09599000000000000587530024631632841192185878753662109375,"SOUP":0.05000000000000000277555756156289135105907917022705078125,"INGOT":0.0949666700000000030268410000644507817924022674560546875,"is_cash":true}