{"date_update":1731106745,"FOOD":0.000100000000000000004792173602385929598312941379845142364501953125,"GOLD":0.0001636399999999999985665632973308447617455385625362396240234375,"WOOD":0.00017799999999999998982758153687200319836847484111785888671875,"STONE":8.33300000000000034607039456346910810680128633975982666015625e-5,"PLANKS":0.1590000000000000024424906541753443889319896697998046875,"SOUP":0.05000000000000000277555756156289135105907917022705078125,"INGOT":0.08198999999999999344080237051457515917718410491943359375,"is_cash":true}