{"date_update":1734841010,"FOOD":3.91999999999999973790930363204410014077438972890377044677734375e-5,"GOLD":3.30800000000000017641443861293737427331507205963134765625e-5,"WOOD":1.970000000000000112024105269892260139386053197085857391357421875e-5,"STONE":3.33300000000000010646171444417262819115421734750270843505859375e-5,"PLANKS":0.0945600000000000051603166184577275998890399932861328125,"SOUP":0.134722220000000003636841938714496791362762451171875,"INGOT":0.08179999999999999771294056927217752672731876373291015625,"is_cash":false}