{"date_update":1736228985,"FOOD":1.2500000000000000599021700298241199789117672480642795562744140625e-5,"GOLD":1.679999999999999839273533142058880684999166987836360931396484375e-5,"WOOD":1.0289999999999999735528395661265932403694023378193378448486328125e-5,"STONE":0,"PLANKS":0.08989999999999999380495552259162650443613529205322265625,"SOUP":0.10666667000000000509185582586724194698035717010498046875,"INGOT":0.0441000000000000003108624468950438313186168670654296875,"is_cash":false}