{"date_update":1733161261,"FOOD":9.804000000000000322915305606130687010590918362140655517578125e-5,"GOLD":0.000636359999999999985560716897481370324385352432727813720703125,"WOOD":0.0003082399999999999896937996624046718352474272251129150390625,"STONE":4.00000000000000032721221565612523818344925530254840850830078125e-5,"PLANKS":0.0990000000000000046629367034256574697792530059814453125,"SOUP":0.0340000000000000024424906541753443889319896697998046875,"INGOT":0.02085599999999999953903540017563500441610813140869140625,"is_cash":true}