{"date_update":1731744040,"FOOD":0.000110000000000000003916138247017642015634919516742229461669921875,"GOLD":0.000107499999999999997358883507825311198757844977080821990966796875,"WOOD":7.270000000000000528639632069172193951089866459369659423828125e-5,"STONE":8.33300000000000034607039456346910810680128633975982666015625e-5,"PLANKS":0.0889999999999999957811525064244051463901996612548828125,"SOUP":0.05000000000000000277555756156289135105907917022705078125,"INGOT":0.08400000000000000521804821573823573999106884002685546875,"is_cash":false}