{"date_update":1736415719,"FOOD":1.086999999999999926459000321177228443048079498112201690673828125e-5,"GOLD":0.00014999999999999998685946966947568625982967205345630645751953125,"WOOD":5.68099999999999998750478680253905849895090796053409576416015625e-5,"STONE":0,"PLANKS":0.08980000000000000481836792687317938543856143951416015625,"SOUP":0.10416667000000000287140977661692886613309383392333984375,"INGOT":0.043299999999999998212540930353497969917953014373779296875,"is_cash":false}