{"date_update":1734204741,"FOOD":2.599999999999999839993443384589255629180115647614002227783203125e-5,"GOLD":6.4999999999999994305770190106130712592857889831066131591796875e-5,"WOOD":3.78399999999999968477125411592254522474831901490688323974609375e-5,"STONE":5.00000000000000023960868011929647991564706899225711822509765625e-5,"PLANKS":0.0965000000000000024424906541753443889319896697998046875,"SOUP":0.1588461499999999915200277200710843317210674285888671875,"INGOT":0.0960000000000000019984014443252817727625370025634765625,"is_cash":true}