{"date_update":1731621190,"FOOD":0.0001597500000000000070117522898982542756129987537860870361328125,"GOLD":8.9179999999999996578535499391904295407584868371486663818359375e-5,"WOOD":4.43799999999999986058200895921999062920804135501384735107421875e-5,"STONE":8.33300000000000034607039456346910810680128633975982666015625e-5,"PLANKS":0.09566666999999999532189320916586439125239849090576171875,"SOUP":0.05000000000000000277555756156289135105907917022705078125,"INGOT":0.0949666700000000030268410000644507817924022674560546875,"is_cash":true}