{"date_update":1736441222,"FOOD":1.0859999999999999360333728659622209988810936920344829559326171875e-5,"GOLD":0.00014601999999999998769602271853074171303887851536273956298828125,"WOOD":4.706000000000000005155598170603070684592239558696746826171875e-5,"STONE":0,"PLANKS":0.08812499999999999500399638918679556809365749359130859375,"SOUP":0.10416667000000000287140977661692886613309383392333984375,"INGOT":0.043299999999999998212540930353497969917953014373779296875,"is_cash":false}