{"date_update":1731048897,"FOOD":0.00011892000000000000660416166198274368070997297763824462890625,"GOLD":0.000100000000000000004792173602385929598312941379845142364501953125,"WOOD":0.0002379600000000000052831350405568855421734042465686798095703125,"STONE":0.0001900000000000000104603825601401467793039046227931976318359375,"PLANKS":0.1640000000000000068833827526759705506265163421630859375,"SOUP":0.05000000000000000277555756156289135105907917022705078125,"INGOT":0.08200000000000000344169137633798527531325817108154296875,"is_cash":true}