{"date_update":1734521999,"FOOD":5.59999999999999991599601567582311645310255698859691619873046875e-5,"GOLD":4.26299999999999967262472033713294194967602379620075225830078125e-5,"WOOD":2.570000000000000127224619728139032304170541465282440185546875e-5,"STONE":5.00000000000000023960868011929647991564706899225711822509765625e-5,"PLANKS":0.09457000000000000128341781646668096072971820831298828125,"SOUP":0.1468750000000000055511151231257827021181583404541015625,"INGOT":0.092200000000000004174438572590588591992855072021484375,"is_cash":false}