{"date_update":1733910651,"FOOD":3.7249999999999997414394659056569025779026560485363006591796875e-5,"GOLD":8.9900000000000003237514423215515080300974659621715545654296875e-5,"WOOD":5.42499999999999972803872705373606777357053942978382110595703125e-5,"STONE":4.00000000000000032721221565612523818344925530254840850830078125e-5,"PLANKS":0.0965000000000000024424906541753443889319896697998046875,"SOUP":0.1660000000000000086597395920762210153043270111083984375,"INGOT":0.0970000000000000028865798640254070051014423370361328125,"is_cash":true}