{"date_update":1738330240,"FOOD":7.750000000000000337512136294737530306520056910812854766845703125e-6,"GOLD":1.410000000000000052661867921965921368609997443854808807373046875e-5,"WOOD":1.4699999999999999864192835874465714596226462163031101226806640625e-5,"STONE":0.0003809999999999999910176018413920928651350550353527069091796875,"PLANKS":0.07649999999999999855671006798729649744927883148193359375,"SOUP":0.026900000000000000299760216648792265914380550384521484375,"INGOT":0.033300000000000003208544541166702401824295520782470703125,"is_cash":false}