{"date_update":1739523216,"FOOD":0.00023100000000000000415813217191640660530538298189640045166015625,"GOLD":0.000981000000000000101085806392120503005571663379669189453125,"WOOD":0.0004000000000000000191686944095437183932517655193805694580078125,"STONE":0.0003809999999999999910176018413920928651350550353527069091796875,"PLANKS":0.07270000000000000073274719625260331667959690093994140625,"SOUP":0.0222000000000000009825473767932635382749140262603759765625,"INGOT":0.040000000000000000832667268468867405317723751068115234375,"is_cash":true}