{"date_update":1739304669,"FOOD":0.0002404999999999999911286241438546085191774182021617889404296875,"GOLD":0.0015200000000000000836830604811211742344312369823455810546875,"WOOD":0.000729950000000000043254289039396098814904689788818359375,"STONE":0.0003809999999999999910176018413920928651350550353527069091796875,"PLANKS":0.074651159999999994187902530029532499611377716064453125,"SOUP":0.023500000000000000055511151231257827021181583404541015625,"INGOT":0.040000000000000000832667268468867405317723751068115234375,"is_cash":false}