{"date_update":1736725656,"FOOD":9.700000000000000302210513558609505935237393714487552642822265625e-6,"GOLD":9.2250000000000006148727360599792746143066324293613433837890625e-5,"WOOD":1.836999999999999860756348668555659742196439765393733978271484375e-5,"STONE":0.000248139999999999992519317260075695230625569820404052734375,"PLANKS":0.0864000000000000045741188614556449465453624725341796875,"SOUP":0.1000000000000000055511151231257827021181583404541015625,"INGOT":0.041399999999999999300559494486151379533112049102783203125,"is_cash":false}