{"date_update":1735660793,"FOOD":2.02999999999999987637493148451284241673420183360576629638671875e-5,"GOLD":2.500000000000000119804340059648239957823534496128559112548828125e-5,"WOOD":2.025000000000000093653383659297873009563772939145565032958984375e-5,"STONE":0,"PLANKS":0.0926695700000000066598460080058430321514606475830078125,"SOUP":0.11388889000000000650825171533142565749585628509521484375,"INGOT":0.048199999999999999789057625321220257319509983062744140625,"is_cash":false}