{"date_update":1736621824,"FOOD":1.014999999999999938187465742256421208367100916802883148193359375e-5,"GOLD":0.0001205000000000000016410484082740595113136805593967437744140625,"WOOD":2.345999999999999900191817447936415419462719000875949859619140625e-5,"STONE":0.000248139999999999992519317260075695230625569820404052734375,"PLANKS":0.0864000000000000045741188614556449465453624725341796875,"SOUP":0.10277777999999999913871562284839455969631671905517578125,"INGOT":0.04220000000000000139888101102769724093377590179443359375,"is_cash":true}