{"date_update":1739371273,"FOOD":0.0002403700000000000042317538362368622983922250568866729736328125,"GOLD":0.00127840000000000006581679645734084260766394436359405517578125,"WOOD":0.000586000000000000040821512836686224545701406896114349365234375,"STONE":0.0003809999999999999910176018413920928651350550353527069091796875,"PLANKS":0.07317827000000000359225538204555050469934940338134765625,"SOUP":0.023500000000000000055511151231257827021181583404541015625,"INGOT":0.040000000000000000832667268468867405317723751068115234375,"is_cash":false}