{"date_update":1735321385,"FOOD":2.689999999999999994739451059100332486195839010179042816162109375e-5,"GOLD":2.799999999999999957998007837911558226551278494298458099365234375e-5,"WOOD":4.14999999999999990749587064353676169048412702977657318115234375e-5,"STONE":3.33300000000000010646171444417262819115421734750270843505859375e-5,"PLANKS":0.0926695700000000066598460080058430321514606475830078125,"SOUP":0.115277779999999996363158061285503208637237548828125,"INGOT":0.059290000000000002422506639732091571204364299774169921875,"is_cash":true}