{"date_update":1731164348,"FOOD":9.950000000000000619122808576122451995615847408771514892578125e-5,"GOLD":0.00014799999999999999245568760297686594640254043042659759521484375,"WOOD":0.00016000000000000001308848862624500952733797021210193634033203125,"STONE":8.33300000000000034607039456346910810680128633975982666015625e-5,"PLANKS":0.1580000000000000015543122344752191565930843353271484375,"SOUP":0.05000000000000000277555756156289135105907917022705078125,"INGOT":0.08000000000000000166533453693773481063544750213623046875,"is_cash":true}