{"date_update":1731548541,"FOOD":9.7499999999999998234918863193598781435866840183734893798828125e-5,"GOLD":8.967999999999999517948101601660937376436777412891387939453125e-5,"WOOD":9.0000000000000005668208957754217180990963242948055267333984375e-5,"STONE":8.33300000000000034607039456346910810680128633975982666015625e-5,"PLANKS":0.0960000000000000019984014443252817727625370025634765625,"SOUP":0.05000000000000000277555756156289135105907917022705078125,"INGOT":0.0949666700000000030268410000644507817924022674560546875,"is_cash":true}