{"date_update":1733651547,"FOOD":4.800000000000000121604115665974177318275906145572662353515625e-5,"GOLD":0.00014599999999999999805190553647804563297540880739688873291015625,"WOOD":6.799999999999999946397044592316660782671533524990081787109375e-5,"STONE":4.00000000000000032721221565612523818344925530254840850830078125e-5,"PLANKS":0.096967999999999998639310661019408144056797027587890625,"SOUP":0.172999999999999987121412914348184131085872650146484375,"INGOT":0.09799998000000000042408743183841579593718051910400390625,"is_cash":true}