{"date_update":1733286584,"FOOD":8.70000000000000005100087019371812857571057975292205810546875e-5,"GOLD":0.000346999999999999977733089462361704136128537356853485107421875,"WOOD":0.0001849999999999999973458730817554851455497555434703826904296875,"STONE":4.00000000000000032721221565612523818344925530254840850830078125e-5,"PLANKS":0.09888500000000000067501559897209517657756805419921875,"SOUP":0.1816666700000000023162982643043505959212779998779296875,"INGOT":0.1000000000000000055511151231257827021181583404541015625,"is_cash":true}