{"date_update":1731135547,"FOOD":5.9700000000000001004231420242973626955063082277774810791015625e-5,"GOLD":9.99800000000000015955292642644280931563116610050201416015625e-5,"WOOD":0.0001067899999999999990744903310968538789893500506877899169921875,"STONE":8.33300000000000034607039456346910810680128633975982666015625e-5,"PLANKS":0.1590000000000000024424906541753443889319896697998046875,"SOUP":0.05000000000000000277555756156289135105907917022705078125,"INGOT":0.08198999999999999344080237051457515917718410491943359375,"is_cash":false}