{"date_update":1735905430,"FOOD":1.879999999999999957278097595381183282370329834520816802978515625e-5,"GOLD":1.830000000000000097183545932910675446692039258778095245361328125e-5,"WOOD":1.3220000000000000481737046087449272135927458293735980987548828125e-5,"STONE":0,"PLANKS":0.08989999999999999380495552259162650443613529205322265625,"SOUP":0.11111110999999999904286340779435704462230205535888671875,"INGOT":0.04700000000000000011102230246251565404236316680908203125,"is_cash":true}