{"date_update":1731966377,"FOOD":7.1799999999999996962672665912208458394161425530910491943359375e-5,"GOLD":5.45499999999999977962072961190642672590911388397216796875e-5,"WOOD":6.4939999999999998268364331810431622216128744184970855712890625e-5,"STONE":8.33300000000000034607039456346910810680128633975982666015625e-5,"PLANKS":0.0848899999999999932409622260820469819009304046630859375,"SOUP":0.049899999999999999911182158029987476766109466552734375,"INGOT":0.059900000000000001854072451124011422507464885711669921875,"is_cash":true}