{"date_update":1734777615,"FOOD":4.11099999999999977267663153757126792697818018496036529541015625e-5,"GOLD":3.3500000000000001131039706336878225556574761867523193359375e-5,"WOOD":2.065999999999999870510698773973246034074691124260425567626953125e-5,"STONE":0,"PLANKS":0.0945600000000000051603166184577275998890399932861328125,"SOUP":0.140230770000000004582574320011190138757228851318359375,"INGOT":0.0833979999999999999094058011905872263014316558837890625,"is_cash":false}