{"date_update":1734022729,"FOOD":3.33300000000000010646171444417262819115421734750270843505859375e-5,"GOLD":7.9499999999999994390771640428994260219042189419269561767578125e-5,"WOOD":4.89300000000000007822041625527020869412808679044246673583984375e-5,"STONE":4.00000000000000032721221565612523818344925530254840850830078125e-5,"PLANKS":0.0965000000000000024424906541753443889319896697998046875,"SOUP":0.1660000000000000086597395920762210153043270111083984375,"INGOT":0.0970000000000000028865798640254070051014423370361328125,"is_cash":true}