{"date_update":1736000059,"FOOD":1.705999999999999929153025879369209860669798217713832855224609375e-5,"GOLD":1.72899999999999987834904680017444889017497189342975616455078125e-5,"WOOD":1.20000000000000003040102891649354432956897653639316558837890625e-5,"STONE":0,"PLANKS":0.08989999999999999380495552259162650443613529205322265625,"SOUP":0.10972221999999999531016925402582273818552494049072265625,"INGOT":0.04649999999999999966693309261245303787291049957275390625,"is_cash":true}