{"date_update":1731625953,"FOOD":0.00015950000000000000093501595355149902388802729547023773193359375,"GOLD":8.9179999999999996578535499391904295407584868371486663818359375e-5,"WOOD":8.7429999999999994698962613171033808612264692783355712890625e-5,"STONE":8.33300000000000034607039456346910810680128633975982666015625e-5,"PLANKS":0.09566666999999999532189320916586439125239849090576171875,"SOUP":0.05000000000000000277555756156289135105907917022705078125,"INGOT":0.0949666700000000030268410000644507817924022674560546875,"is_cash":true}