{"date_update":1735327800,"FOOD":2.68000000000000009048317650695025804452598094940185546875e-5,"GOLD":2.750000000000000097903456175441050390872987918555736541748046875e-5,"WOOD":4.1220000000000001755783018975165532538085244596004486083984375e-5,"STONE":3.33300000000000010646171444417262819115421734750270843505859375e-5,"PLANKS":0.0926695700000000066598460080058430321514606475830078125,"SOUP":0.115277779999999996363158061285503208637237548828125,"INGOT":0.059290000000000002422506639732091571204364299774169921875,"is_cash":false}