{"date_update":1735444403,"FOOD":2.360000000000000104963780722666655265129520557820796966552734375e-5,"GOLD":2.69999999999999989899572561125040692786569707095623016357421875e-5,"WOOD":3.3899999999999997301290688422881203223369084298610687255859375e-5,"STONE":0,"PLANKS":0.0926695700000000066598460080058430321514606475830078125,"SOUP":0.11388889000000000650825171533142565749585628509521484375,"INGOT":0.054710000000000001685318551380987628363072872161865234375,"is_cash":true}