{"date_update":1733368380,"FOOD":8.0000000000000006544244313122504763668985106050968170166015625e-5,"GOLD":0.00027599999999999998666344591669030705816112458705902099609375,"WOOD":0.0001284799999999999896120594922166446849587373435497283935546875,"STONE":4.00000000000000032721221565612523818344925530254840850830078125e-5,"PLANKS":0.09888500000000000067501559897209517657756805419921875,"SOUP":0.176999999999999990674126593148685060441493988037109375,"INGOT":0.0980000000000000037747582837255322374403476715087890625,"is_cash":true}