{"date_update":1732744239,"FOOD":6.3620000000000004130272512892219083369127474725246429443359375e-5,"GOLD":5.00000000000000023960868011929647991564706899225711822509765625e-5,"WOOD":4.8600000000000002247681207823148952229530550539493560791015625e-5,"STONE":4.00000000000000032721221565612523818344925530254840850830078125e-5,"PLANKS":0.0566666700000000023162982643043505959212779998779296875,"SOUP":0.03529411999999999827171137667392031289637088775634765625,"INGOT":0.0221095299999999987672349988088171812705695629119873046875,"is_cash":false}