{"date_update":1733614607,"FOOD":5.19999999999999967998688676917851125836023129522800445556640625e-5,"GOLD":0.00015353999999999999701190411816043024373357184231281280517578125,"WOOD":7.2459999999999994031718575371314727817662060260772705078125e-5,"STONE":4.00000000000000032721221565612523818344925530254840850830078125e-5,"PLANKS":0.096967999999999998639310661019408144056797027587890625,"SOUP":0.172999999999999987121412914348184131085872650146484375,"INGOT":0.0980000000000000037747582837255322374403476715087890625,"is_cash":false}