{"date_update":1733484134,"FOOD":7.1000000000000004622170701740202503060572780668735504150390625e-5,"GOLD":0.00021165999999999998942672163604328261499176733195781707763671875,"WOOD":8.679000000000000082656104183342904434539377689361572265625e-5,"STONE":4.00000000000000032721221565612523818344925530254840850830078125e-5,"PLANKS":0.096967999999999998639310661019408144056797027587890625,"SOUP":0.173999999999999988009591334048309363424777984619140625,"INGOT":0.0980000000000000037747582837255322374403476715087890625,"is_cash":true}