{"date_update":1732122686,"FOOD":6.098000000000000230156171898698858058196492493152618408203125e-5,"GOLD":5.19999999999999967998688676917851125836023129522800445556640625e-5,"WOOD":4.17599999999999999737536338084709086615475825965404510498046875e-5,"STONE":8.2109999999999998200779505186375217817840166389942169189453125e-5,"PLANKS":0.08000000000000000166533453693773481063544750213623046875,"SOUP":0.049899999999999999911182158029987476766109466552734375,"INGOT":0.037499999999999998612221219218554324470460414886474609375,"is_cash":false}