{"date_update":1735642182,"FOOD":2.02999999999999987637493148451284241673420183360576629638671875e-5,"GOLD":2.546000000000000018196381901258718016833881847560405731201171875e-5,"WOOD":2.19999999999999994279749337966478606176679022610187530517578125e-5,"STONE":0,"PLANKS":0.0926695700000000066598460080058430321514606475830078125,"SOUP":0.11388889000000000650825171533142565749585628509521484375,"INGOT":0.048199999999999999789057625321220257319509983062744140625,"is_cash":true}