{"date_update":1733629988,"FOOD":5.19999999999999967998688676917851125836023129522800445556640625e-5,"GOLD":0.00015100000000000001116641501486270726672955788671970367431640625,"WOOD":7.0799999999999999760781632662798301680595614016056060791015625e-5,"STONE":4.00000000000000032721221565612523818344925530254840850830078125e-5,"PLANKS":0.096967999999999998639310661019408144056797027587890625,"SOUP":0.172999999999999987121412914348184131085872650146484375,"INGOT":0.0980000000000000037747582837255322374403476715087890625,"is_cash":true}