{"date_update":1737319893,"FOOD":8.9900000000000003237514423215515080300974659621715545654296875e-6,"GOLD":2.04000000000000011944438493838305248573306016623973846435546875e-5,"WOOD":1.17399999999999994052153617918321515389834530651569366455078125e-5,"STONE":0.0003809999999999999910176018413920928651350550353527069091796875,"PLANKS":0.0813399999999999956390439592723851092159748077392578125,"SOUP":0.09030000000000000526245713672324200160801410675048828125,"INGOT":0.035599999999999999700239783351207734085619449615478515625,"is_cash":false}