{"date_update":1738098981,"FOOD":7.829999999999999571562332711938125839878921397030353546142578125e-6,"GOLD":1.5150000000000000637922874247021098881305078975856304168701171875e-5,"WOOD":2.067000000000000030342915680048321291906177066266536712646484375e-5,"STONE":0.0003809999999999999910176018413920928651350550353527069091796875,"PLANKS":0.07799999999999999988897769753748434595763683319091796875,"SOUP":0.028400000000000001632027846198980114422738552093505859375,"INGOT":0.03361999999999999710897924387609236873686313629150390625,"is_cash":false}