{"date_update":1732201019,"FOOD":0.00012464999999999999409465434307975328920292668044567108154296875,"GOLD":9.60000000000000024320823133194835463655181229114532470703125e-5,"WOOD":8.799999999999999771189973518659144247067160904407501220703125e-5,"STONE":8.2109999999999998200779505186375217817840166389942169189453125e-5,"PLANKS":0.07975000000000000144328993201270350255072116851806640625,"SOUP":0.049833330000000002069082682965017738752067089080810546875,"INGOT":0.037374999999999998501198916756038670428097248077392578125,"is_cash":false}