{"date_update":1731808694,"FOOD":7.595999999999999779086434781305570140830241143703460693359375e-5,"GOLD":7.899999999999999578982612380428918186225928366184234619140625e-5,"WOOD":5.742999999999999732706867927589655664633028209209442138671875e-5,"STONE":8.33300000000000034607039456346910810680128633975982666015625e-5,"PLANKS":0.0889999999999999957811525064244051463901996612548828125,"SOUP":0.05000000000000000277555756156289135105907917022705078125,"INGOT":0.08000000000000000166533453693773481063544750213623046875,"is_cash":true}