{"date_update":1736858660,"FOOD":9.700000000000000302210513558609505935237393714487552642822265625e-6,"GOLD":6.3899999999999994673184622318018455189303494989871978759765625e-5,"WOOD":1.69999999999999998659926114807916519566788338124752044677734375e-5,"STONE":0.000248139999999999992519317260075695230625569820404052734375,"PLANKS":0.08500000000000000610622663543836097232997417449951171875,"SOUP":0.0986111100000000018184209693572483956813812255859375,"INGOT":0.038219999999999997031263632152331410907208919525146484375,"is_cash":false}