{"date_update":1735626727,"FOOD":2.078999999999999915450445142628410621910006739199161529541015625e-5,"GOLD":2.546000000000000018196381901258718016833881847560405731201171875e-5,"WOOD":2.277999999999999873622792689875637961449683643877506256103515625e-5,"STONE":0,"PLANKS":0.0926695700000000066598460080058430321514606475830078125,"SOUP":0.11388889000000000650825171533142565749585628509521484375,"INGOT":0.04900000000000000188737914186276611872017383575439453125,"is_cash":false}