{"date_update":1738588356,"FOOD":7.600000000000000079602123503885735544827184639871120452880859375e-6,"GOLD":1.3129999999999999649364680609497924024253734387457370758056640625e-5,"WOOD":9.819999999999999153285808184410399235275690443813800811767578125e-6,"STONE":0.0003809999999999999910176018413920928651350550353527069091796875,"PLANKS":0.07649999999999999855671006798729649744927883148193359375,"SOUP":0.024699999999999999733546474089962430298328399658203125,"INGOT":0.033300000000000003208544541166702401824295520782470703125,"is_cash":true}