{"date_update":1731387453,"FOOD":4.97999999999999975346977321155605977764935232698917388916015625e-5,"GOLD":8.500000000000000610622663543836097232997417449951171875e-5,"WOOD":0.000100000000000000004792173602385929598312941379845142364501953125,"STONE":8.33300000000000034607039456346910810680128633975982666015625e-5,"PLANKS":0.0975000000000000033306690738754696212708950042724609375,"SOUP":0.05000000000000000277555756156289135105907917022705078125,"INGOT":0.07799999999999999988897769753748434595763683319091796875,"is_cash":false}