{"date_update":1733255794,"FOOD":9.1000000000000002870099991003627337704529054462909698486328125e-5,"GOLD":0.00036749999999999998813449142431863947422243654727935791015625,"WOOD":0.00019279999999999999720466659081097304806462489068508148193359375,"STONE":4.00000000000000032721221565612523818344925530254840850830078125e-5,"PLANKS":0.09888500000000000067501559897209517657756805419921875,"SOUP":0.181900000000000006128431095930864103138446807861328125,"INGOT":0.1000000000000000055511151231257827021181583404541015625,"is_cash":true}