{"date_update":1733265428,"FOOD":9.0000000000000005668208957754217180990963242948055267333984375e-5,"GOLD":0.0003588199999999999831486185986051395957474596798419952392578125,"WOOD":0.000189719999999999992812416138576736557297408580780029296875,"STONE":4.00000000000000032721221565612523818344925530254840850830078125e-5,"PLANKS":0.09888500000000000067501559897209517657756805419921875,"SOUP":0.1816666700000000023162982643043505959212779998779296875,"INGOT":0.1000000000000000055511151231257827021181583404541015625,"is_cash":false}