{"date_update":1736502023,"FOOD":1.054000000000000073006704848221914971873047761619091033935546875e-5,"GOLD":0.000137269999999999991850685443495194704155437648296356201171875,"WOOD":3.6749999999999998813449142431863947422243654727935791015625e-5,"STONE":0,"PLANKS":0.08812499999999999500399638918679556809365749359130859375,"SOUP":0.10299999999999999433786257441170164383947849273681640625,"INGOT":0.042500000000000003053113317719180486164987087249755859375,"is_cash":true}