{"date_update":1732283103,"FOOD":6.999999999999999386775251242198692125384695827960968017578125e-5,"GOLD":6.999999999999999386775251242198692125384695827960968017578125e-5,"WOOD":5.43499999999999997110818050760627784256939776241779327392578125e-5,"STONE":8.0000000000000006544244313122504763668985106050968170166015625e-5,"PLANKS":0.07799999999999999988897769753748434595763683319091796875,"SOUP":0.049833330000000002069082682965017738752067089080810546875,"INGOT":0.036249999999999997501998194593397784046828746795654296875,"is_cash":false}