{"date_update":1737481702,"FOOD":8.53999999999999955002140394899612374501884914934635162353515625e-6,"GOLD":1.9499999999999999646983772638719756287173368036746978759765625e-5,"WOOD":1.06399999999999997726297940037198941354290582239627838134765625e-5,"STONE":0.0003809999999999999910176018413920928651350550353527069091796875,"PLANKS":0.0813399999999999956390439592723851092159748077392578125,"SOUP":0.081100000000000005417888360170763917267322540283203125,"INGOT":0.035599999999999999700239783351207734085619449615478515625,"is_cash":false}