{"date_update":1733432048,"FOOD":7.349999999999999762689828486372789484448730945587158203125e-5,"GOLD":0.00024000000000000000608020578329870886591379530727863311767578125,"WOOD":9.7999999999999996835864379818303859792649745941162109375e-5,"STONE":4.00000000000000032721221565612523818344925530254840850830078125e-5,"PLANKS":0.096967999999999998639310661019408144056797027587890625,"SOUP":0.173999999999999988009591334048309363424777984619140625,"INGOT":0.0980000000000000037747582837255322374403476715087890625,"is_cash":false}