{"date_update":1741399001,"FOOD":0.00019404000000000000566123536938079041647142730653285980224609375,"GOLD":0.00023812999999999999857329402441763477327185682952404022216796875,"WOOD":2.4470000000000001190263165806726419759797863662242889404296875e-5,"STONE":0.0536999999999999977351450297646806575357913970947265625,"PLANKS":0,"SOUP":0.449000000000000010214051826551440171897411346435546875,"INGOT":0.040000000000000000832667268468867405317723751068115234375,"is_cash":false}