{"date_update":1736851596,"FOOD":9.700000000000000302210513558609505935237393714487552642822265625e-6,"GOLD":6.6519999999999993305251078101747452819836325943470001220703125e-5,"WOOD":1.69999999999999998659926114807916519566788338124752044677734375e-5,"STONE":0.000248139999999999992519317260075695230625569820404052734375,"PLANKS":0.08500000000000000610622663543836097232997417449951171875,"SOUP":0.0986111100000000018184209693572483956813812255859375,"INGOT":0.038999999999999999944488848768742172978818416595458984375,"is_cash":false}