{"date_update":1738082760,"FOOD":7.829999999999999571562332711938125839878921397030353546142578125e-6,"GOLD":1.53799999999999984358171889464728110397118143737316131591796875e-5,"WOOD":2.120000000000000031120939159023919273749925196170806884765625e-5,"STONE":0.0003809999999999999910176018413920928651350550353527069091796875,"PLANKS":0.07799999999999999988897769753748434595763683319091796875,"SOUP":0.028400000000000001632027846198980114422738552093505859375,"INGOT":0.03361999999999999710897924387609236873686313629150390625,"is_cash":false}