{"date_update":1734994023,"FOOD":3.6199999999999998997156358537807818720466457307338714599609375e-5,"GOLD":3.229999999999999906775960401006386746303178369998931884765625e-5,"WOOD":1.6200000000000000749227069274382984076510183513164520263671875e-5,"STONE":3.33300000000000010646171444417262819115421734750270843505859375e-5,"PLANKS":0.0945600000000000051603166184577275998890399932861328125,"SOUP":0.125,"INGOT":0.07248000000000000275779399316888884641230106353759765625,"is_cash":false}