{"date_update":1738225061,"FOOD":7.829999999999999571562332711938125839878921397030353546142578125e-6,"GOLD":1.4739999999999999481217934083066012362905894406139850616455078125e-5,"WOOD":1.680999999999999999105750048133955942830652929842472076416015625e-5,"STONE":0.0003809999999999999910176018413920928651350550353527069091796875,"PLANKS":0.07649999999999999855671006798729649744927883148193359375,"SOUP":0.027900000000000001187938636348917498253285884857177734375,"INGOT":0.033300000000000003208544541166702401824295520782470703125,"is_cash":false}