{"date_update":1733990192,"FOOD":3.64999999999999995129763841195114082438522018492221832275390625e-5,"GOLD":7.96700000000000012334577803585489164106547832489013671875e-5,"WOOD":5.00000000000000023960868011929647991564706899225711822509765625e-5,"STONE":4.00000000000000032721221565612523818344925530254840850830078125e-5,"PLANKS":0.0965000000000000024424906541753443889319896697998046875,"SOUP":0.1660000000000000086597395920762210153043270111083984375,"INGOT":0.0970000000000000028865798640254070051014423370361328125,"is_cash":false}