{"date_update":1734580498,"FOOD":5.09999999999999995979778344423749558700365014374256134033203125e-5,"GOLD":3.89899999999999976956453762166887599960318766534328460693359375e-5,"WOOD":2.37000000000000000922005527481672970679937861859798431396484375e-5,"STONE":5.00000000000000023960868011929647991564706899225711822509765625e-5,"PLANKS":0.0945600000000000051603166184577275998890399932861328125,"SOUP":0.1455882400000000076456529995994060300290584564208984375,"INGOT":0.09035700000000000675637323865885264240205287933349609375,"is_cash":false}