{"date_update":1740813715,"FOOD":0.00020319000000000001122935078257114582811482250690460205078125,"GOLD":0.0003316700000000000008414102747877905130735598504543304443359375,"WOOD":3.60000000000000009120308674948063298870692960917949676513671875e-5,"STONE":0.054780000000000002302602553072574664838612079620361328125,"PLANKS":0.07055999999999999772182235346917877905070781707763671875,"SOUP":0.465000000000000024424906541753443889319896697998046875,"INGOT":0.040000000000000000832667268468867405317723751068115234375,"is_cash":true}