{"date_update":1734083110,"FOOD":3.09799999999999981534042070574486160694505088031291961669921875e-5,"GOLD":7.6500000000000002785098540680763790078344754874706268310546875e-5,"WOOD":4.7009999999999998836208714436679656500928103923797607421875e-5,"STONE":0,"PLANKS":0.0965000000000000024424906541753443889319896697998046875,"SOUP":0.1650000000000000077715611723760957829654216766357421875,"INGOT":0.0970000000000000028865798640254070051014423370361328125,"is_cash":false}