{"date_update":1737027880,"FOOD":9.439999999999999403415586185506214178531081415712833404541015625e-6,"GOLD":3.7400000000000001060436460864622176814009435474872589111328125e-5,"WOOD":1.3600000000000000231607268086353457192672067321836948394775390625e-5,"STONE":0,"PLANKS":0.08300000000000000432986979603811050765216350555419921875,"SOUP":0.09444444000000000449812631586610223166644573211669921875,"INGOT":0.038219999999999997031263632152331410907208919525146484375,"is_cash":true}