{"date_update":1731850090,"FOOD":8.0000000000000006544244313122504763668985106050968170166015625e-5,"GOLD":6.3999999999999997103879156856720555879292078316211700439453125e-5,"WOOD":5.17899999999999971164212075880328711718902923166751861572265625e-5,"STONE":8.33300000000000034607039456346910810680128633975982666015625e-5,"PLANKS":0.0889999999999999957811525064244051463901996612548828125,"SOUP":0.05000000000000000277555756156289135105907917022705078125,"INGOT":0.08000000000000000166533453693773481063544750213623046875,"is_cash":false}