{"date_update":1733851510,"FOOD":3.9129999999999999743365008963991158452699892222881317138671875e-5,"GOLD":9.4090000000000002084409034264211868503480218350887298583984375e-5,"WOOD":5.6660000000000003005269644251740146501106210052967071533203125e-5,"STONE":4.00000000000000032721221565612523818344925530254840850830078125e-5,"PLANKS":0.096967999999999998639310661019408144056797027587890625,"SOUP":0.1666666699999999889936219688024721108376979827880859375,"INGOT":0.0970000000000000028865798640254070051014423370361328125,"is_cash":true}