{"date_update":1738400152,"FOOD":7.600000000000000079602123503885735544827184639871120452880859375e-6,"GOLD":1.3849999999999999532080026398705996371063520200550556182861328125e-5,"WOOD":1.37800000000000002022861045336554752793745137751102447509765625e-5,"STONE":0.0003809999999999999910176018413920928651350550353527069091796875,"PLANKS":0.07649999999999999855671006798729649744927883148193359375,"SOUP":0.025700000000000000621724893790087662637233734130859375,"INGOT":0.033300000000000003208544541166702401824295520782470703125,"is_cash":false}