{"date_update":1731997800,"FOOD":6.799999999999999946397044592316660782671533524990081787109375e-5,"GOLD":5.45499999999999977962072961190642672590911388397216796875e-5,"WOOD":5.4049999999999999195261779494359188902308233082294464111328125e-5,"STONE":8.33300000000000034607039456346910810680128633975982666015625e-5,"PLANKS":0.0848899999999999932409622260820469819009304046630859375,"SOUP":0.049899999999999999911182158029987476766109466552734375,"INGOT":0.059799999999999998989697047591107548214495182037353515625,"is_cash":true}