{"date_update":1732245545,"FOOD":0.0001140000000000000062762295360840880675823427736759185791015625,"GOLD":9.050000000000000426915447437892225934774614870548248291015625e-5,"WOOD":6.00000000000000015200514458246772164784488268196582794189453125e-5,"STONE":8.0000000000000006544244313122504763668985106050968170166015625e-5,"PLANKS":0.07975000000000000144328993201270350255072116851806640625,"SOUP":0.049833330000000002069082682965017738752067089080810546875,"INGOT":0.036249999999999997501998194593397784046828746795654296875,"is_cash":false}