{"date_update":1733555239,"FOOD":6.2000000000000002700097090357900242452160455286502838134765625e-5,"GOLD":0.000174000000000000001020017403874362571514211595058441162109375,"WOOD":7.4569999999999999240780923503990607059677131474018096923828125e-5,"STONE":4.00000000000000032721221565612523818344925530254840850830078125e-5,"PLANKS":0.096967999999999998639310661019408144056797027587890625,"SOUP":0.173999999999999988009591334048309363424777984619140625,"INGOT":0.0980000000000000037747582837255322374403476715087890625,"is_cash":false}