{"date_update":1733309637,"FOOD":8.3999999999999995351808446120145390523248352110385894775390625e-5,"GOLD":0.0003037000000000000094445284926081285448162816464900970458984375,"WOOD":0.00016180000000000000263088162366642563938512466847896575927734375,"STONE":4.00000000000000032721221565612523818344925530254840850830078125e-5,"PLANKS":0.09888500000000000067501559897209517657756805419921875,"SOUP":0.1808333299999999865814714894440839998424053192138671875,"INGOT":0.1000000000000000055511151231257827021181583404541015625,"is_cash":false}