{"date_update":1737676322,"FOOD":8.32999999999999986657374384524388233330682851374149322509765625e-6,"GOLD":1.69999999999999998659926114807916519566788338124752044677734375e-5,"WOOD":3.449999999999999833293073958628838227014057338237762451171875e-5,"STONE":0.0003809999999999999910176018413920928651350550353527069091796875,"PLANKS":0.08000000000000000166533453693773481063544750213623046875,"SOUP":0.07599999999999999811262085813723388127982616424560546875,"INGOT":0.035599999999999999700239783351207734085619449615478515625,"is_cash":false}