{"date_update":1738702005,"FOOD":7.580000000000000271089574399585586661487468518316745758056640625e-6,"GOLD":1.2520000000000000407534249402541348672457388602197170257568359375e-5,"WOOD":9.340000000000000360852840664005469761832500807940959930419921875e-6,"STONE":0.0003809999999999999910176018413920928651350550353527069091796875,"PLANKS":0.07649999999999999855671006798729649744927883148193359375,"SOUP":0.0239000000000000011046719095020307577215135097503662109375,"INGOT":0.040000000000000000832667268468867405317723751068115234375,"is_cash":false}