{"date_update":1732518568,"FOOD":4.83299999999999997505641113892949078945093788206577301025390625e-5,"GOLD":5.98999999999999990893569112859751157884602434933185577392578125e-5,"WOOD":7.4999999999999993429734834737843129914836026728153228759765625e-5,"STONE":8.0000000000000006544244313122504763668985106050968170166015625e-5,"PLANKS":0.070000000000000006661338147750939242541790008544921875,"SOUP":0.03529411999999999827171137667392031289637088775634765625,"INGOT":0.0299999999999999988897769753748434595763683319091796875,"is_cash":true}