{"date_update":1731862243,"FOOD":8.0000000000000006544244313122504763668985106050968170166015625e-5,"GOLD":6.19899999999999943255113432627467773272655904293060302734375e-5,"WOOD":5.17899999999999971164212075880328711718902923166751861572265625e-5,"STONE":8.33300000000000034607039456346910810680128633975982666015625e-5,"PLANKS":0.0888888899999999981815790306427516043186187744140625,"SOUP":0.05000000000000000277555756156289135105907917022705078125,"INGOT":0.059999999999999997779553950749686919152736663818359375,"is_cash":true}