{"date_update":1734476206,"FOOD":6.098000000000000230156171898698858058196492493152618408203125e-5,"GOLD":4.4360000000000002185439329505101113682030700147151947021484375e-5,"WOOD":2.708000000000000161213924154690602108530583791434764862060546875e-5,"STONE":5.00000000000000023960868011929647991564706899225711822509765625e-5,"PLANKS":0.09457000000000000128341781646668096072971820831298828125,"SOUP":0.1484375,"INGOT":0.0960000000000000019984014443252817727625370025634765625,"is_cash":false}