{"date_update":1736588152,"FOOD":1.0329999999999999352553493869866230170373455621302127838134765625e-5,"GOLD":0.00012999999999999998861154038021226142518571577966213226318359375,"WOOD":2.7979999999999999771467529274815433382173068821430206298828125e-5,"STONE":0.000248139999999999992519317260075695230625569820404052734375,"PLANKS":0.08812499999999999500399638918679556809365749359130859375,"SOUP":0.10277777999999999913871562284839455969631671905517578125,"INGOT":0.04220000000000000139888101102769724093377590179443359375,"is_cash":true}