{"date_update":1733281443,"FOOD":8.70000000000000005100087019371812857571057975292205810546875e-5,"GOLD":0.000347450000000000015776269179923474439419806003570556640625,"WOOD":0.0001877199999999999984086340720779162438702769577503204345703125,"STONE":4.00000000000000032721221565612523818344925530254840850830078125e-5,"PLANKS":0.09888500000000000067501559897209517657756805419921875,"SOUP":0.1816666700000000023162982643043505959212779998779296875,"INGOT":0.1000000000000000055511151231257827021181583404541015625,"is_cash":false}