{"date_update":1732183067,"FOOD":5.3000000000000000778023478975597981843748129904270172119140625e-5,"GOLD":4.9499999999999997018877706533857008253107778728008270263671875e-5,"WOOD":8.0000000000000006544244313122504763668985106050968170166015625e-5,"STONE":8.2109999999999998200779505186375217817840166389942169189453125e-5,"PLANKS":0.07979999999999999593658372987192706204950809478759765625,"SOUP":0.049833330000000002069082682965017738752067089080810546875,"INGOT":0.037374999999999998501198916756038670428097248077392578125,"is_cash":true}