{"date_update":1737395219,"FOOD":8.6500000000000001909063185312476207400322891771793365478515625e-6,"GOLD":2.038000000000000138593130027953037597399088554084300994873046875e-5,"WOOD":1.113000000000000016338493058487557618718710727989673614501953125e-5,"STONE":0.0003809999999999999910176018413920928651350550353527069091796875,"PLANKS":0.0813399999999999956390439592723851092159748077392578125,"SOUP":0.08429999999999999993338661852249060757458209991455078125,"INGOT":0.035599999999999999700239783351207734085619449615478515625,"is_cash":true}