{"date_update":1736609488,"FOOD":1.014999999999999938187465742256421208367100916802883148193359375e-5,"GOLD":0.00012245999999999998965154179852987681442755274474620819091796875,"WOOD":2.489999999999999876734886605778029888824676163494586944580078125e-5,"STONE":0.000248139999999999992519317260075695230625569820404052734375,"PLANKS":0.08812499999999999500399638918679556809365749359130859375,"SOUP":0.10277777999999999913871562284839455969631671905517578125,"INGOT":0.04220000000000000139888101102769724093377590179443359375,"is_cash":false}