{"date_update":1733405636,"FOOD":7.6500000000000002785098540680763790078344754874706268310546875e-5,"GOLD":0.000257139999999999994441390871457997491233982145786285400390625,"WOOD":0.000103999999999999993599737735383570225167204625904560089111328125,"STONE":4.00000000000000032721221565612523818344925530254840850830078125e-5,"PLANKS":0.0988799999999999956745710960603901185095310211181640625,"SOUP":0.174999999999999988897769753748434595763683319091796875,"INGOT":0.0980000000000000037747582837255322374403476715087890625,"is_cash":false}