{"date_update":1732204554,"FOOD":0.00012453000000000000201984262648835510844946838915348052978515625,"GOLD":9.60000000000000024320823133194835463655181229114532470703125e-5,"WOOD":8.2000000000000000948026379621325077096116729080677032470703125e-5,"STONE":8.2109999999999998200779505186375217817840166389942169189453125e-5,"PLANKS":0.07975000000000000144328993201270350255072116851806640625,"SOUP":0.049833330000000002069082682965017738752067089080810546875,"INGOT":0.036249999999999997501998194593397784046828746795654296875,"is_cash":false}