{"date_update":1737531636,"FOOD":8.53999999999999955002140394899612374501884914934635162353515625e-6,"GOLD":1.849999999999999905696095037210824330031755380332469940185546875e-5,"WOOD":1.0040000000000000435055637348913393225302570499479770660400390625e-5,"STONE":0.0003809999999999999910176018413920928651350550353527069091796875,"PLANKS":0.08000000000000000166533453693773481063544750213623046875,"SOUP":0.0805555599999999982774312456967891193926334381103515625,"INGOT":0.035599999999999999700239783351207734085619449615478515625,"is_cash":false}