{"date_update":1736249231,"FOOD":1.177000000000000081205007995688305300063802860677242279052734375e-5,"GOLD":0.0001666700000000000017434664822957302021677605807781219482421875,"WOOD":0.000153699999999999995480004510994831434800289571285247802734375,"STONE":0,"PLANKS":0.08989999999999999380495552259162650443613529205322265625,"SOUP":0.10666667000000000509185582586724194698035717010498046875,"INGOT":0.043900000000000001521005543736464460380375385284423828125,"is_cash":false}