{"date_update":1731606663,"FOOD":0.00016000000000000001308848862624500952733797021210193634033203125,"GOLD":8.919999999999999977517983751340580056421458721160888671875e-5,"WOOD":8.7429999999999994698962613171033808612264692783355712890625e-5,"STONE":8.33300000000000034607039456346910810680128633975982666015625e-5,"PLANKS":0.09566666999999999532189320916586439125239849090576171875,"SOUP":0.05000000000000000277555756156289135105907917022705078125,"INGOT":0.0949666700000000030268410000644507817924022674560546875,"is_cash":true}