{"date_update":1733329988,"FOOD":8.2999999999999998149917412870735233809682540595531463623046875e-5,"GOLD":0.000295000000000000014814538484841932586277835071086883544921875,"WOOD":0.00014599999999999999805190553647804563297540880739688873291015625,"STONE":4.00000000000000032721221565612523818344925530254840850830078125e-5,"PLANKS":0.09888500000000000067501559897209517657756805419921875,"SOUP":0.1808333299999999865814714894440839998424053192138671875,"INGOT":0.0999899999999999955502261173023725859820842742919921875,"is_cash":false}