{"date_update":1737141467,"FOOD":9.25999999999999943273674973820419609182863496243953704833984375e-6,"GOLD":2.500000000000000119804340059648239957823534496128559112548828125e-5,"WOOD":1.273999999999999999523818405844366452583926729857921600341796875e-5,"STONE":0.000388400000000000008258671524430383215076290071010589599609375,"PLANKS":0.0813399999999999956390439592723851092159748077392578125,"SOUP":0.09444444000000000449812631586610223166644573211669921875,"INGOT":0.036999999999999998168132009368491708301007747650146484375,"is_cash":false}