{"date_update":1732151379,"FOOD":6.07399999999999978231475517009840814353083260357379913330078125e-5,"GOLD":5.14999999999999981989233510670800342268194071948528289794921875e-5,"WOOD":3.22099999999999982353872385321125193513580597937107086181640625e-5,"STONE":8.2109999999999998200779505186375217817840166389942169189453125e-5,"PLANKS":0.07979999999999999593658372987192706204950809478759765625,"SOUP":0.049899999999999999911182158029987476766109466552734375,"INGOT":0.037374999999999998501198916756038670428097248077392578125,"is_cash":true}