{"date_update":1740908209,"FOOD":0.00020319000000000001122935078257114582811482250690460205078125,"GOLD":0.0003153699999999999841089615149059000032139010727405548095703125,"WOOD":3.2799999999999997668705120634768945819814689457416534423828125e-5,"STONE":0.054780000000000002302602553072574664838612079620361328125,"PLANKS":0.07055999999999999772182235346917877905070781707763671875,"SOUP":0.458000000000000018207657603852567262947559356689453125,"INGOT":0.040000000000000000832667268468867405317723751068115234375,"is_cash":false}