{"date_update":1731421262,"FOOD":0.000120000000000000003040102891649354432956897653639316558837890625,"GOLD":0.00013636000000000000225743035375813860810012556612491607666015625,"WOOD":0.00011333000000000000083259787952982833303394727408885955810546875,"STONE":8.33300000000000034607039456346910810680128633975982666015625e-5,"PLANKS":0.0960000000000000019984014443252817727625370025634765625,"SOUP":0.05000000000000000277555756156289135105907917022705078125,"INGOT":0.0950000000000000011102230246251565404236316680908203125,"is_cash":true}