{"date_update":1734183609,"FOOD":2.720000000000000046321453617270691438534413464367389678955078125e-5,"GOLD":6.7230000000000005142171410899010197681491263210773468017578125e-5,"WOOD":4.182000000000000278742307013857271158485673367977142333984375e-5,"STONE":5.00000000000000023960868011929647991564706899225711822509765625e-5,"PLANKS":0.0965000000000000024424906541753443889319896697998046875,"SOUP":0.161700000000000010391687510491465218365192413330078125,"INGOT":0.0960000000000000019984014443252817727625370025634765625,"is_cash":false}