{"date_update":1736243600,"FOOD":1.2140000000000000657664027403637163615712779574096202850341796875e-5,"GOLD":0.0001666700000000000017434664822957302021677605807781219482421875,"WOOD":0.00016000000000000001308848862624500952733797021210193634033203125,"STONE":0,"PLANKS":0.08989999999999999380495552259162650443613529205322265625,"SOUP":0.10666667000000000509185582586724194698035717010498046875,"INGOT":0.043900000000000001521005543736464460380375385284423828125,"is_cash":true}