{"date_update":1731436998,"FOOD":0.000120000000000000003040102891649354432956897653639316558837890625,"GOLD":0.000118330000000000000394580201845684541694936342537403106689453125,"WOOD":0.000110000000000000003916138247017642015634919516742229461669921875,"STONE":8.33300000000000034607039456346910810680128633975982666015625e-5,"PLANKS":0.0960000000000000019984014443252817727625370025634765625,"SOUP":0.05000000000000000277555756156289135105907917022705078125,"INGOT":0.09499000000000000498712182661620317958295345306396484375,"is_cash":true}