{"date_update":1736686506,"FOOD":1.014999999999999938187465742256421208367100916802883148193359375e-5,"GOLD":0.000116490000000000004458898528181265419334522448480129241943359375,"WOOD":1.94600000000000000299586744301194585204939357936382293701171875e-5,"STONE":0.000248139999999999992519317260075695230625569820404052734375,"PLANKS":0.0864000000000000045741188614556449465453624725341796875,"SOUP":0.1000000000000000055511151231257827021181583404541015625,"INGOT":0.04220000000000000139888101102769724093377590179443359375,"is_cash":true}