{"date_update":1738121183,"FOOD":7.829999999999999571562332711938125839878921397030353546142578125e-6,"GOLD":1.5000000000000000380012861456169304119612206704914569854736328125e-5,"WOOD":2.033000000000000017058403301017932562899659387767314910888671875e-5,"STONE":0.0003809999999999999910176018413920928651350550353527069091796875,"PLANKS":0.07799999999999999988897769753748434595763683319091796875,"SOUP":0.028400000000000001632027846198980114422738552093505859375,"INGOT":0.03361999999999999710897924387609236873686313629150390625,"is_cash":true}