{"date_update":1731174736,"FOOD":9.94500000000000049758808184918734696111641824245452880859375e-5,"GOLD":0.0001469999999999999952537965697274557896889746189117431640625,"WOOD":0.0001447999999999999959886254341512312748818658292293548583984375,"STONE":8.33300000000000034607039456346910810680128633975982666015625e-5,"PLANKS":0.1499999999999999944488848768742172978818416595458984375,"SOUP":0.05000000000000000277555756156289135105907917022705078125,"INGOT":0.08000000000000000166533453693773481063544750213623046875,"is_cash":true}