{"date_update":1738595686,"FOOD":7.600000000000000079602123503885735544827184639871120452880859375e-6,"GOLD":1.3129999999999999649364680609497924024253734387457370758056640625e-5,"WOOD":9.80999999999999924902953363226032479360583238303661346435546875e-6,"STONE":0.0003809999999999999910176018413920928651350550353527069091796875,"PLANKS":0.07649999999999999855671006798729649744927883148193359375,"SOUP":0.0242999999999999986843857158191894995979964733123779296875,"INGOT":0.033300000000000003208544541166702401824295520782470703125,"is_cash":false}