{"date_update":1733291803,"FOOD":8.600000000000000330811766868777112904353998601436614990234375e-5,"GOLD":0.000328300000000000011084189122101406610454432666301727294921875,"WOOD":0.00017990000000000000890572338096973226129193790256977081298828125,"STONE":4.00000000000000032721221565612523818344925530254840850830078125e-5,"PLANKS":0.09888500000000000067501559897209517657756805419921875,"SOUP":0.1816666700000000023162982643043505959212779998779296875,"INGOT":0.1000000000000000055511151231257827021181583404541015625,"is_cash":false}