{"date_update":1735057319,"FOOD":3.3999999999999999731985222961583303913357667624950408935546875e-5,"GOLD":3.038000000000000050989594491124279329596902243793010711669921875e-5,"WOOD":1.53799999999999984358171889464728110397118143737316131591796875e-5,"STONE":3.33300000000000010646171444417262819115421734750270843505859375e-5,"PLANKS":0.0926695700000000066598460080058430321514606475830078125,"SOUP":0.1236111099999999962673058462314656935632228851318359375,"INGOT":0.06686999999999999888533608327634283341467380523681640625,"is_cash":false}