{"date_update":1734834898,"FOOD":3.9499999999999997894913061902144590931129641830921173095703125e-5,"GOLD":3.135000000000000308121583803000476109446026384830474853515625e-5,"WOOD":1.9499999999999999646983772638719756287173368036746978759765625e-5,"STONE":3.33300000000000010646171444417262819115421734750270843505859375e-5,"PLANKS":0.0945600000000000051603166184577275998890399932861328125,"SOUP":0.134722220000000003636841938714496791362762451171875,"INGOT":0.08179999999999999771294056927217752672731876373291015625,"is_cash":true}