{"date_update":1735039177,"FOOD":3.470000000000000319431980866369258365011774003505706787109375e-5,"GOLD":3.10000000000000013500485451789501212260802276432514190673828125e-5,"WOOD":1.53799999999999984358171889464728110397118143737316131591796875e-5,"STONE":3.33300000000000010646171444417262819115421734750270843505859375e-5,"PLANKS":0.0945600000000000051603166184577275998890399932861328125,"SOUP":0.1236111099999999962673058462314656935632228851318359375,"INGOT":0.06822999999999999898303570944335660897195339202880859375,"is_cash":false}