{"date_update":1736893924,"FOOD":9.700000000000000302210513558609505935237393714487552642822265625e-6,"GOLD":5.03999999999999985663377832789677768232650123536586761474609375e-5,"WOOD":1.578999999999999959252212911042789755811099894344806671142578125e-5,"STONE":0.000248139999999999992519317260075695230625569820404052734375,"PLANKS":0.083320000000000005169198402654728852212429046630859375,"SOUP":0.095833329999999994353032661820179782807826995849609375,"INGOT":0.038219999999999997031263632152331410907208919525146484375,"is_cash":false}