{"date_update":1731170213,"FOOD":6.25000000000000013010426069826053208089433610439300537109375e-5,"GOLD":9.97799999999999967341401951870238917763344943523406982421875e-5,"WOOD":0.00013332999999999999908052716879325316767790354788303375244140625,"STONE":8.33300000000000034607039456346910810680128633975982666015625e-5,"PLANKS":0.1499999999999999944488848768742172978818416595458984375,"SOUP":0.05000000000000000277555756156289135105907917022705078125,"INGOT":0.08000000000000000166533453693773481063544750213623046875,"is_cash":true}