{"date_update":1740403134,"FOOD":0.00021560000000000000930193422288283500165562145411968231201171875,"GOLD":0.0004375000000000000091072982488782372456626035273075103759765625,"WOOD":5.899999999999999754189683454086434721830300986766815185546875e-5,"STONE":0.00200000000000000004163336342344337026588618755340576171875,"PLANKS":0.07199999999999999455990717933673295192420482635498046875,"SOUP":0.0201999999999999992061905373930130735971033573150634765625,"INGOT":0.040000000000000000832667268468867405317723751068115234375,"is_cash":false}