{"date_update":1740185160,"FOOD":0.00022000000000000000783227649403528403126983903348445892333984375,"GOLD":0.0004819199999999999937776162806102320246282033622264862060546875,"WOOD":7.43300000000000015386303342523888204596005380153656005859375e-5,"STONE":0,"PLANKS":0.07199999999999999455990717933673295192420482635498046875,"SOUP":0.0213999999999999988842258602517176768742501735687255859375,"INGOT":0.040000000000000000832667268468867405317723751068115234375,"is_cash":false}