{"date_update":1734321252,"FOOD":6.8499999999999998064915962547871686183498241007328033447265625e-5,"GOLD":5.73300000000000016726377227715971685029217042028903961181640625e-5,"WOOD":3.19999999999999985519395784283602779396460391581058502197265625e-5,"STONE":5.00000000000000023960868011929647991564706899225711822509765625e-5,"PLANKS":0.09457000000000000128341781646668096072971820831298828125,"SOUP":0.153571430000000008764260428506531752645969390869140625,"INGOT":0.0960000000000000019984014443252817727625370025634765625,"is_cash":true}