{"date_update":1731948057,"FOOD":7.1799999999999996962672665912208458394161425530910491943359375e-5,"GOLD":5.6669999999999997827328235278088186532841064035892486572265625e-5,"WOOD":6.6669999999999996951292879909800603854819200932979583740234375e-5,"STONE":8.33300000000000034607039456346910810680128633975982666015625e-5,"PLANKS":0.08588888999999999551704377154237590730190277099609375,"SOUP":0.049899999999999999911182158029987476766109466552734375,"INGOT":0.059900000000000001854072451124011422507464885711669921875,"is_cash":false}