{"date_update":1740717908,"FOOD":0.000207190000000000000036914915568786454969085752964019775390625,"GOLD":0.0003629999999999999871734546186274883439182303845882415771484375,"WOOD":3.97999999999999984107330874838481804545153863728046417236328125e-5,"STONE":0.0546666700000000005399414249041001312434673309326171875,"PLANKS":0.07055999999999999772182235346917877905070781707763671875,"SOUP":0.4699999999999999733546474089962430298328399658203125,"INGOT":0.040000000000000000832667268468867405317723751068115234375,"is_cash":false}