{"date_update":1733333825,"FOOD":8.2000000000000000948026379621325077096116729080677032470703125e-5,"GOLD":0.000290000000000000001700029006457270952523685991764068603515625,"WOOD":0.000145959999999999991658616860235042622662149369716644287109375,"STONE":4.00000000000000032721221565612523818344925530254840850830078125e-5,"PLANKS":0.09888500000000000067501559897209517657756805419921875,"SOUP":0.179999999999999993338661852249060757458209991455078125,"INGOT":0.0999899999999999955502261173023725859820842742919921875,"is_cash":false}