{"date_update":1735439921,"FOOD":2.360000000000000104963780722666655265129520557820796966552734375e-5,"GOLD":2.69999999999999989899572561125040692786569707095623016357421875e-5,"WOOD":3.39099999999999988996128574836319558016839437186717987060546875e-5,"STONE":0,"PLANKS":0.0926695700000000066598460080058430321514606475830078125,"SOUP":0.11388889000000000650825171533142565749585628509521484375,"INGOT":0.055820000000000001560973572622970095835626125335693359375,"is_cash":false}