{"date_update":1740268288,"FOOD":0.00021560000000000000930193422288283500165562145411968231201171875,"GOLD":0.0004699999999999999859313926098280944643192924559116363525390625,"WOOD":6.820000000000000432535951500057080920669250190258026123046875e-5,"STONE":0,"PLANKS":0.07199999999999999455990717933673295192420482635498046875,"SOUP":0.0213999999999999988842258602517176768742501735687255859375,"INGOT":0.040000000000000000832667268468867405317723751068115234375,"is_cash":false}