{"date_update":1731449668,"FOOD":0.000120000000000000003040102891649354432956897653639316558837890625,"GOLD":0.0001179999999999999950837936690817286944366060197353363037109375,"WOOD":0.000109920000000000004682088050600441420101560652256011962890625,"STONE":8.33300000000000034607039456346910810680128633975982666015625e-5,"PLANKS":0.0960000000000000019984014443252817727625370025634765625,"SOUP":0.05000000000000000277555756156289135105907917022705078125,"INGOT":0.09499000000000000498712182661620317958295345306396484375,"is_cash":false}