{"date_update":1737303841,"FOOD":8.9900000000000003237514423215515080300974659621715545654296875e-6,"GOLD":2.0910000000000001393711535069286355792428366839885711669921875e-5,"WOOD":1.20000000000000003040102891649354432956897653639316558837890625e-5,"STONE":0.0003809999999999999910176018413920928651350550353527069091796875,"PLANKS":0.0813399999999999956390439592723851092159748077392578125,"SOUP":0.09030000000000000526245713672324200160801410675048828125,"INGOT":0.035599999999999999700239783351207734085619449615478515625,"is_cash":false}