{"date_update":1735751343,"FOOD":1.961000000000000028786868722097125328218680806457996368408203125e-5,"GOLD":2.188999999999999878709001921439636362265446223318576812744140625e-5,"WOOD":1.65000000000000012650470948560865735998959280550479888916015625e-5,"STONE":0,"PLANKS":0.0926695700000000066598460080058430321514606475830078125,"SOUP":0.11250000000000000277555756156289135105907917022705078125,"INGOT":0.0471000000000000029753977059954195283353328704833984375,"is_cash":true}