{"date_update":1731147880,"FOOD":7.7750000000000006063725910276929198516882024705410003662109375e-5,"GOLD":9.99800000000000015955292642644280931563116610050201416015625e-5,"WOOD":0.000105390000000000005702348315761440744608989916741847991943359375,"STONE":8.33300000000000034607039456346910810680128633975982666015625e-5,"PLANKS":0.1590000000000000024424906541753443889319896697998046875,"SOUP":0.05000000000000000277555756156289135105907917022705078125,"INGOT":0.08000000000000000166533453693773481063544750213623046875,"is_cash":true}