{"date_update":1731568283,"FOOD":0.00019699999999999999087361979288601787629886530339717864990234375,"GOLD":8.967000000000000035742242499026133373263292014598846435546875e-5,"WOOD":9.7499999999999998234918863193598781435866840183734893798828125e-5,"STONE":8.33300000000000034607039456346910810680128633975982666015625e-5,"PLANKS":0.09599000000000000587530024631632841192185878753662109375,"SOUP":0.05000000000000000277555756156289135105907917022705078125,"INGOT":0.0949666700000000030268410000644507817924022674560546875,"is_cash":false}