{"date_update":1733291046,"FOOD":8.600000000000000330811766868777112904353998601436614990234375e-5,"GOLD":0.000340000000000000024424906541753443889319896697998046875,"WOOD":0.00018149999999999999358672730931374417195911519229412078857421875,"STONE":4.00000000000000032721221565612523818344925530254840850830078125e-5,"PLANKS":0.09888500000000000067501559897209517657756805419921875,"SOUP":0.1816666700000000023162982643043505959212779998779296875,"INGOT":0.1000000000000000055511151231257827021181583404541015625,"is_cash":false}