{"date_update":1731256983,"FOOD":8.422999999999999823190044434539913709159009158611297607421875e-5,"GOLD":0.0001318199999999999949031048718239844674826599657535552978515625,"WOOD":9.804000000000000322915305606130687010590918362140655517578125e-5,"STONE":8.33300000000000034607039456346910810680128633975982666015625e-5,"PLANKS":0.1000000000000000055511151231257827021181583404541015625,"SOUP":0.05000000000000000277555756156289135105907917022705078125,"INGOT":0.07900000000000000077715611723760957829654216766357421875,"is_cash":true}