{"date_update":1732699143,"FOOD":7.44399999999999987913834598174389611813239753246307373046875e-5,"GOLD":5.49799999999999987614247853873195026608300395309925079345703125e-5,"WOOD":5.093000000000000196224980708592511291499249637126922607421875e-5,"STONE":4.00000000000000032721221565612523818344925530254840850830078125e-5,"PLANKS":0.0566666700000000023162982643043505959212779998779296875,"SOUP":0.03529411999999999827171137667392031289637088775634765625,"INGOT":0.0249666699999999998349498042671257280744612216949462890625,"is_cash":false}