{"date_update":1736435486,"FOOD":1.086999999999999926459000321177228443048079498112201690673828125e-5,"GOLD":0.00014601999999999998769602271853074171303887851536273956298828125,"WOOD":4.89999999999999984179321899091519298963248729705810546875e-5,"STONE":0,"PLANKS":0.08812499999999999500399638918679556809365749359130859375,"SOUP":0.10416667000000000287140977661692886613309383392333984375,"INGOT":0.043299999999999998212540930353497969917953014373779296875,"is_cash":true}