{"date_update":1738899117,"FOOD":7.410000000000000204667012504433643016454880125820636749267578125e-6,"GOLD":1.253000000000000031179052395469142311412724666297435760498046875e-5,"WOOD":8.980000000000000419495167769401433588427607901394367218017578125e-6,"STONE":0.0003809999999999999910176018413920928651350550353527069091796875,"PLANKS":0.07466667000000000442572201109214802272617816925048828125,"SOUP":0.0239000000000000011046719095020307577215135097503662109375,"INGOT":0.040000000000000000832667268468867405317723751068115234375,"is_cash":false}