{"date_update":1740217761,"FOOD":0.00021560000000000000930193422288283500165562145411968231201171875,"GOLD":0.0004819199999999999937776162806102320246282033622264862060546875,"WOOD":7.41299999999999966772412651749846190796233713626861572265625e-5,"STONE":0,"PLANKS":0.07199999999999999455990717933673295192420482635498046875,"SOUP":0.0213999999999999988842258602517176768742501735687255859375,"INGOT":0.040000000000000000832667268468867405317723751068115234375,"is_cash":false}