{"date_update":1731656241,"FOOD":0.00013332999999999999908052716879325316767790354788303375244140625,"GOLD":8.4800000000000001244837566360956770949997007846832275390625e-5,"WOOD":8.0909999999999996137499402859560859724297188222408294677734375e-5,"STONE":8.33300000000000034607039456346910810680128633975982666015625e-5,"PLANKS":0.09566666999999999532189320916586439125239849090576171875,"SOUP":0.05000000000000000277555756156289135105907917022705078125,"INGOT":0.0949666700000000030268410000644507817924022674560546875,"is_cash":true}