{"date_update":1740380238,"FOOD":0.00021560000000000000930193422288283500165562145411968231201171875,"GOLD":0.0004515000000000000241438813386452011400251649320125579833984375,"WOOD":6.1799999999999997838708021280496041072183288633823394775390625e-5,"STONE":0,"PLANKS":0.07199999999999999455990717933673295192420482635498046875,"SOUP":0.0210000000000000013045120539345589349977672100067138671875,"INGOT":0.040000000000000000832667268468867405317723751068115234375,"is_cash":false}