{"date_update":1733681754,"FOOD":4.50000000000000028341044788771085904954816214740276336669921875e-5,"GOLD":0.0001347599999999999904713721132765158472466282546520233154296875,"WOOD":6.45999999999999981355192080201277349260635673999786376953125e-5,"STONE":4.00000000000000032721221565612523818344925530254840850830078125e-5,"PLANKS":0.096967999999999998639310661019408144056797027587890625,"SOUP":0.172999999999999987121412914348184131085872650146484375,"INGOT":0.09799998000000000042408743183841579593718051910400390625,"is_cash":false}