{"date_update":1733743605,"FOOD":4.10000000000000004740131898106625385480583645403385162353515625e-5,"GOLD":0.000114400000000000002446480518170091045249137096107006072998046875,"WOOD":6.192000000000000346604689394069964691880159080028533935546875e-5,"STONE":4.00000000000000032721221565612523818344925530254840850830078125e-5,"PLANKS":0.096967999999999998639310661019408144056797027587890625,"SOUP":0.1700000000000000122124532708767219446599483489990234375,"INGOT":0.09799998000000000042408743183841579593718051910400390625,"is_cash":true}