{"date_update":1735332475,"FOOD":2.627000000000000089705153027974660062682232819497585296630859375e-5,"GOLD":2.750000000000000097903456175441050390872987918555736541748046875e-5,"WOOD":4.03999999999999994423731386472553595012868754565715789794921875e-5,"STONE":0,"PLANKS":0.0926695700000000066598460080058430321514606475830078125,"SOUP":0.115277779999999996363158061285503208637237548828125,"INGOT":0.059290000000000002422506639732091571204364299774169921875,"is_cash":false}