{"date_update":1739222892,"FOOD":0.000246000000000000016396606294932780656381510198116302490234375,"GOLD":0.0022000000000000001325328735646280620130710303783416748046875,"WOOD":0.00102808000000000000946631661946639724192209541797637939453125,"STONE":0.0003809999999999999910176018413920928651350550353527069091796875,"PLANKS":0.074651159999999994187902530029532499611377716064453125,"SOUP":0.023500000000000000055511151231257827021181583404541015625,"INGOT":0.040000000000000000832667268468867405317723751068115234375,"is_cash":true}