{"date_update":1735140492,"FOOD":3.04000000000000003184084940155429421793087385594844818115234375e-5,"GOLD":2.90000000000000001700029006457270952523685991764068603515625e-5,"WOOD":6.8750000000000004141652298894626937908469699323177337646484375e-5,"STONE":3.33300000000000010646171444417262819115421734750270843505859375e-5,"PLANKS":0.0926695700000000066598460080058430321514606475830078125,"SOUP":0.11999999999999999555910790149937383830547332763671875,"INGOT":0.062950000000000005950795411990839056670665740966796875,"is_cash":false}