{"date_update":1733403488,"FOOD":7.6500000000000002785098540680763790078344754874706268310546875e-5,"GOLD":0.0002599999999999999772230807604245228503714315593242645263671875,"WOOD":0.0001047999999999999994927668556243816055939532816410064697265625,"STONE":4.00000000000000032721221565612523818344925530254840850830078125e-5,"PLANKS":0.0988799999999999956745710960603901185095310211181640625,"SOUP":0.174999999999999988897769753748434595763683319091796875,"INGOT":0.0980000000000000037747582837255322374403476715087890625,"is_cash":false}