{"date_update":1736196589,"FOOD":1.3489999999999999590722353504101960197658627294003963470458984375e-5,"GOLD":1.679999999999999839273533142058880684999166987836360931396484375e-5,"WOOD":1.061999999999999996411724489941974525208934210240840911865234375e-5,"STONE":0,"PLANKS":0.08989999999999999380495552259162650443613529205322265625,"SOUP":0.10666667000000000509185582586724194698035717010498046875,"INGOT":0.0441000000000000003108624468950438313186168670654296875,"is_cash":true}