{"date_update":1733191216,"FOOD":9.7449999999999997019571595924247731090872548520565032958984375e-5,"GOLD":0.000563330000000000015621115512232108812895603477954864501953125,"WOOD":0.00026380000000000001537936444861998097621835768222808837890625,"STONE":4.00000000000000032721221565612523818344925530254840850830078125e-5,"PLANKS":0.09890000000000000179856129989275359548628330230712890625,"SOUP":0.199000000000000010214051826551440171897411346435546875,"INGOT":0.02085599999999999953903540017563500441610813140869140625,"is_cash":false}