{"date_update":1732214005,"FOOD":0.000120000000000000003040102891649354432956897653639316558837890625,"GOLD":9.500000000000000523019128007007338965195231139659881591796875e-5,"WOOD":7.4999999999999993429734834737843129914836026728153228759765625e-5,"STONE":8.2109999999999998200779505186375217817840166389942169189453125e-5,"PLANKS":0.07975000000000000144328993201270350255072116851806640625,"SOUP":0.049833330000000002069082682965017738752067089080810546875,"INGOT":0.036249999999999997501998194593397784046828746795654296875,"is_cash":false}