{"date_update":1736837172,"FOOD":9.700000000000000302210513558609505935237393714487552642822265625e-6,"GOLD":6.93000000000000039579450827886830666102468967437744140625e-5,"WOOD":1.773999999999999955722050637429987318682833574712276458740234375e-5,"STONE":0.000248139999999999992519317260075695230625569820404052734375,"PLANKS":0.08500000000000000610622663543836097232997417449951171875,"SOUP":0.0986111100000000018184209693572483956813812255859375,"INGOT":0.039789999999999998980815263394106295891106128692626953125,"is_cash":true}