{"date_update":1734428246,"FOOD":6.266999999999999459120159084335455190739594399929046630859375e-5,"GOLD":4.800000000000000121604115665974177318275906145572662353515625e-5,"WOOD":2.841999999999999894687539858662006508893682621419429779052734375e-5,"STONE":5.00000000000000023960868011929647991564706899225711822509765625e-5,"PLANKS":0.09457000000000000128341781646668096072971820831298828125,"SOUP":0.15166667000000000342652128892950713634490966796875,"INGOT":0.0960000000000000019984014443252817727625370025634765625,"is_cash":false}