{"date_update":1735666517,"FOOD":2.02999999999999987637493148451284241673420183360576629638671875e-5,"GOLD":2.45100000000000008072882640153267175264772959053516387939453125e-5,"WOOD":1.93299999999999995805612107435678126421407796442508697509765625e-5,"STONE":0,"PLANKS":0.0926695700000000066598460080058430321514606475830078125,"SOUP":0.11388889000000000650825171533142565749585628509521484375,"INGOT":0.048199999999999999789057625321220257319509983062744140625,"is_cash":false}