{"date_update":1736324722,"FOOD":1.086999999999999926459000321177228443048079498112201690673828125e-5,"GOLD":0.0001616699999999999886289570039110685684136115014553070068359375,"WOOD":9.7800000000000005527002466809705083505832590162754058837890625e-5,"STONE":0,"PLANKS":0.08989999999999999380495552259162650443613529205322265625,"SOUP":0.10499999999999999611421941381195210851728916168212890625,"INGOT":0.043900000000000001521005543736464460380375385284423828125,"is_cash":false}