{"date_update":1738557782,"FOOD":7.600000000000000079602123503885735544827184639871120452880859375e-6,"GOLD":1.332999999999999942855606616110009099429589696228504180908203125e-5,"WOOD":1.0780000000000000126283532242421614455452072434127330780029296875e-5,"STONE":0.0003809999999999999910176018413920928651350550353527069091796875,"PLANKS":0.07649999999999999855671006798729649744927883148193359375,"SOUP":0.02520000000000000017763568394002504646778106689453125,"INGOT":0.033300000000000003208544541166702401824295520782470703125,"is_cash":false}