{"date_update":1735810713,"FOOD":1.923000000000000053799846522206706822544219903647899627685546875e-5,"GOLD":2.00899999999999990803016547413761827556299977004528045654296875e-5,"WOOD":1.465000000000000034291146311371534238787717185914516448974609375e-5,"STONE":0,"PLANKS":0.0926695700000000066598460080058430321514606475830078125,"SOUP":0.11111110999999999904286340779435704462230205535888671875,"INGOT":0.0471000000000000029753977059954195283353328704833984375,"is_cash":false}