{"date_update":1733489962,"FOOD":6.92000000000000015272505482499809659202583134174346923828125e-5,"GOLD":0.000210000000000000008708311849403571613947860896587371826171875,"WOOD":8.5030000000000004124929564586210517518338747322559356689453125e-5,"STONE":4.00000000000000032721221565612523818344925530254840850830078125e-5,"PLANKS":0.096967999999999998639310661019408144056797027587890625,"SOUP":0.173999999999999988009591334048309363424777984619140625,"INGOT":0.0980000000000000037747582837255322374403476715087890625,"is_cash":true}