{"date_update":1735936853,"FOOD":1.849999999999999905696095037210824330031755380332469940185546875e-5,"GOLD":1.830000000000000097183545932910675446692039258778095245361328125e-5,"WOOD":1.3469999999999999782209804399801811314318911172449588775634765625e-5,"STONE":0,"PLANKS":0.08989999999999999380495552259162650443613529205322265625,"SOUP":0.11111110999999999904286340779435704462230205535888671875,"INGOT":0.046899999999999997246646898929611779749393463134765625,"is_cash":false}