{"date_update":1731706593,"FOOD":0.0001179999999999999950837936690817286944366060197353363037109375,"GOLD":0.00011500000000000000347812056933349822429590858519077301025390625,"WOOD":6.999999999999999386775251242198692125384695827960968017578125e-5,"STONE":8.33300000000000034607039456346910810680128633975982666015625e-5,"PLANKS":0.09180000000000000659472476627342985011637210845947265625,"SOUP":0.05000000000000000277555756156289135105907917022705078125,"INGOT":0.088944999999999996287414205653476528823375701904296875,"is_cash":false}