{"date_update":1733145345,"FOOD":9.804000000000000322915305606130687010590918362140655517578125e-5,"GOLD":0.000711999999999999959310326147488012793473899364471435546875,"WOOD":0.000368480000000000022797319587652964401058852672576904296875,"STONE":4.00000000000000032721221565612523818344925530254840850830078125e-5,"PLANKS":0.0990000000000000046629367034256574697792530059814453125,"SOUP":0.0340000000000000024424906541753443889319896697998046875,"INGOT":0.02085599999999999953903540017563500441610813140869140625,"is_cash":false}