{"date_update":1733644682,"FOOD":4.89999999999999984179321899091519298963248729705810546875e-5,"GOLD":0.0001507500000000000050896786785159520150045864284038543701171875,"WOOD":6.999999999999999386775251242198692125384695827960968017578125e-5,"STONE":4.00000000000000032721221565612523818344925530254840850830078125e-5,"PLANKS":0.096967999999999998639310661019408144056797027587890625,"SOUP":0.172999999999999987121412914348184131085872650146484375,"INGOT":0.0980000000000000037747582837255322374403476715087890625,"is_cash":true}