{"date_update":1733143003,"FOOD":0.000100000000000000004792173602385929598312941379845142364501953125,"GOLD":0.00073999999999999998938349232702194058219902217388153076171875,"WOOD":0.0003765999999999999924872595702396438355208374559879302978515625,"STONE":4.00000000000000032721221565612523818344925530254840850830078125e-5,"PLANKS":0.0990000000000000046629367034256574697792530059814453125,"SOUP":0.0340000000000000024424906541753443889319896697998046875,"INGOT":0.02085599999999999953903540017563500441610813140869140625,"is_cash":true}