{"date_update":1733065971,"FOOD":4.815999999999999968414154949414296424947679042816162109375e-5,"GOLD":4.10000000000000004740131898106625385480583645403385162353515625e-5,"WOOD":5.09700000000000015792749052945254106816719286143779754638671875e-5,"STONE":4.00000000000000032721221565612523818344925530254840850830078125e-5,"PLANKS":0.040000000000000000832667268468867405317723751068115234375,"SOUP":0.035200000000000002120525977034048992209136486053466796875,"INGOT":0.0208570999999999999452438004254872794263064861297607421875,"is_cash":false}