{"date_update":1735619884,"FOOD":2.078999999999999915450445142628410621910006739199161529541015625e-5,"GOLD":2.546000000000000018196381901258718016833881847560405731201171875e-5,"WOOD":2.349999999999999861894327268796445196130662225186824798583984375e-5,"STONE":0,"PLANKS":0.0926695700000000066598460080058430321514606475830078125,"SOUP":0.11388889000000000650825171533142565749585628509521484375,"INGOT":0.05000000000000000277555756156289135105907917022705078125,"is_cash":false}