{"date_update":1733179056,"FOOD":9.7449999999999997019571595924247731090872548520565032958984375e-5,"GOLD":0.000565669999999999996605215546452427588519640266895294189453125,"WOOD":0.000269440000000000022366275498342247374239377677440643310546875,"STONE":4.00000000000000032721221565612523818344925530254840850830078125e-5,"PLANKS":0.09890000000000000179856129989275359548628330230712890625,"SOUP":0.033599999999999997923882943950957269407808780670166015625,"INGOT":0.02085599999999999953903540017563500441610813140869140625,"is_cash":true}