{"date_update":1739187799,"FOOD":0.000249800000000000000342781358853017081855796277523040771484375,"GOLD":0.002405580000000000044646508712276045116595923900604248046875,"WOOD":0.00124700000000000006152023335204148679622448980808258056640625,"STONE":0.0003809999999999999910176018413920928651350550353527069091796875,"PLANKS":0.07466667000000000442572201109214802272617816925048828125,"SOUP":0.023500000000000000055511151231257827021181583404541015625,"INGOT":0.040000000000000000832667268468867405317723751068115234375,"is_cash":false}