{"date_update":1733727228,"FOOD":4.16500000000000027210005082434207679398241452872753143310546875e-5,"GOLD":0.000120000000000000003040102891649354432956897653639316558837890625,"WOOD":6.339999999999999607223910569331337683252058923244476318359375e-5,"STONE":4.00000000000000032721221565612523818344925530254840850830078125e-5,"PLANKS":0.096967999999999998639310661019408144056797027587890625,"SOUP":0.1700000000000000122124532708767219446599483489990234375,"INGOT":0.09799998000000000042408743183841579593718051910400390625,"is_cash":false}