{"date_update":1737261611,"FOOD":9.2000000000000000071991024253037494418094865977764129638671875e-6,"GOLD":2.220000000000000090123221385685070572435506619513034820556640625e-5,"WOOD":1.2279999999999999317251871133738205799090792424976825714111328125e-5,"STONE":0.0003809999999999999910176018413920928651350550353527069091796875,"PLANKS":0.0813399999999999956390439592723851092159748077392578125,"SOUP":0.0919999999999999984456877655247808434069156646728515625,"INGOT":0.035599999999999999700239783351207734085619449615478515625,"is_cash":false}