{"date_update":1737092240,"FOOD":9.25999999999999943273674973820419609182863496243953704833984375e-6,"GOLD":2.939999999999999972838567174893142919245292432606220245361328125e-5,"WOOD":1.332999999999999942855606616110009099429589696228504180908203125e-5,"STONE":0,"PLANKS":0.08300000000000000432986979603811050765216350555419921875,"SOUP":0.09444444000000000449812631586610223166644573211669921875,"INGOT":0.038219999999999997031263632152331410907208919525146484375,"is_cash":false}