{"date_update":1732186712,"FOOD":5.98999999999999990893569112859751157884602434933185577392578125e-5,"GOLD":5.19999999999999967998688676917851125836023129522800445556640625e-5,"WOOD":9.899999999999999403775541306771401650621555745601654052734375e-5,"STONE":8.2109999999999998200779505186375217817840166389942169189453125e-5,"PLANKS":0.07979999999999999593658372987192706204950809478759765625,"SOUP":0.049833330000000002069082682965017738752067089080810546875,"INGOT":0.037374999999999998501198916756038670428097248077392578125,"is_cash":true}