{"date_update":1734746714,"FOOD":4.31200000000000005051341289696864578218082897365093231201171875e-5,"GOLD":3.3999999999999999731985222961583303913357667624950408935546875e-5,"WOOD":2.08200000000000005613391695913350076807546429336071014404296875e-5,"STONE":0,"PLANKS":0.0945600000000000051603166184577275998890399932861328125,"SOUP":0.140230770000000004582574320011190138757228851318359375,"INGOT":0.0834000000000000019095836023552692495286464691162109375,"is_cash":false}