{"date_update":1731488432,"FOOD":0.000100000000000000004792173602385929598312941379845142364501953125,"GOLD":0.000100000000000000004792173602385929598312941379845142364501953125,"WOOD":9.7470000000000000216215934045749236247502267360687255859375e-5,"STONE":8.33300000000000034607039456346910810680128633975982666015625e-5,"PLANKS":0.0960000000000000019984014443252817727625370025634765625,"SOUP":0.05000000000000000277555756156289135105907917022705078125,"INGOT":0.09499000000000000498712182661620317958295345306396484375,"is_cash":true}