{"date_update":1736274373,"FOOD":1.1310000000000000134063767032177594273889553733170032501220703125e-5,"GOLD":0.0001666700000000000017434664822957302021677605807781219482421875,"WOOD":0.00012999999999999998861154038021226142518571577966213226318359375,"STONE":0,"PLANKS":0.08989999999999999380495552259162650443613529205322265625,"SOUP":0.10499999999999999611421941381195210851728916168212890625,"INGOT":0.043900000000000001521005543736464460380375385284423828125,"is_cash":true}