{"date_update":1741045794,"FOOD":0.00020319000000000001122935078257114582811482250690460205078125,"GOLD":0.000287040000000000016487644582952043492696247994899749755859375,"WOOD":2.82000000000000010532373584393184273721999488770961761474609375e-5,"STONE":0.0536999999999999977351450297646806575357913970947265625,"PLANKS":0.069000000000000005773159728050814010202884674072265625,"SOUP":0.458000000000000018207657603852567262947559356689453125,"INGOT":0.040000000000000000832667268468867405317723751068115234375,"is_cash":false}