{"date_update":1734816030,"FOOD":4.00000000000000032721221565612523818344925530254840850830078125e-5,"GOLD":3.13699999999999995015965981171035537045099772512912750244140625e-5,"WOOD":1.968999999999999952191888363817184881554567255079746246337890625e-5,"STONE":3.33300000000000010646171444417262819115421734750270843505859375e-5,"PLANKS":0.0945600000000000051603166184577275998890399932861328125,"SOUP":0.134722220000000003636841938714496791362762451171875,"INGOT":0.08179999999999999771294056927217752672731876373291015625,"is_cash":false}