{"date_update":1736450848,"FOOD":1.086999999999999926459000321177228443048079498112201690673828125e-5,"GOLD":0.00014400000000000000364812346997922531954827718436717987060546875,"WOOD":4.42999999999999993717698931749993107587215490639209747314453125e-5,"STONE":0,"PLANKS":0.08812499999999999500399638918679556809365749359130859375,"SOUP":0.10416667000000000287140977661692886613309383392333984375,"INGOT":0.042500000000000003053113317719180486164987087249755859375,"is_cash":false}