{"date_update":1734457261,"FOOD":6.09999999999999987219424790740873731920146383345127105712890625e-5,"GOLD":4.61800000000000017007402430824214434323948808014392852783203125e-5,"WOOD":2.750000000000000097903456175441050390872987918555736541748046875e-5,"STONE":5.00000000000000023960868011929647991564706899225711822509765625e-5,"PLANKS":0.09457000000000000128341781646668096072971820831298828125,"SOUP":0.1499999999999999944488848768742172978818416595458984375,"INGOT":0.0960000000000000019984014443252817727625370025634765625,"is_cash":false}