{"date_update":1739043510,"FOOD":7.250000000000000042500725161431773813092149794101715087890625e-6,"GOLD":1.20000000000000003040102891649354432956897653639316558837890625e-5,"WOOD":8.53999999999999955002140394899612374501884914934635162353515625e-6,"STONE":0.0003809999999999999910176018413920928651350550353527069091796875,"PLANKS":0.07466667000000000442572201109214802272617816925048828125,"SOUP":0.023500000000000000055511151231257827021181583404541015625,"INGOT":0.040000000000000000832667268468867405317723751068115234375,"is_cash":false}