{"date_update":1736952635,"FOOD":9.510000000000000427275402559157413406865089200437068939208984375e-6,"GOLD":4.37499999999999995554771092809431820569443516433238983154296875e-5,"WOOD":1.421999999999999937769397384546010698613827116787433624267578125e-5,"STONE":0,"PLANKS":0.08300000000000000432986979603811050765216350555419921875,"SOUP":0.095833329999999994353032661820179782807826995849609375,"INGOT":0.038219999999999997031263632152331410907208919525146484375,"is_cash":false}