{"date_update":1735098246,"FOOD":3.27000000000000020142741641304695576764061115682125091552734375e-5,"GOLD":3.000000000000000076002572291233860823922441340982913970947265625e-5,"WOOD":7.5450000000000004367860240162002583019784651696681976318359375e-5,"STONE":3.33300000000000010646171444417262819115421734750270843505859375e-5,"PLANKS":0.0926695700000000066598460080058430321514606475830078125,"SOUP":0.12222222000000000641239950027738814242184162139892578125,"INGOT":0.06554000000000000103472785895064589567482471466064453125,"is_cash":true}