{"date_update":1731232643,"FOOD":8.500000000000000610622663543836097232997417449951171875e-5,"GOLD":0.0001377999999999999884703338892677493277005851268768310546875,"WOOD":0.000111109999999999998370782405832102313070208765566349029541015625,"STONE":8.33300000000000034607039456346910810680128633975982666015625e-5,"PLANKS":0.1000000000000000055511151231257827021181583404541015625,"SOUP":0.05000000000000000277555756156289135105907917022705078125,"INGOT":0.07900000000000000077715611723760957829654216766357421875,"is_cash":true}