{"date_update":1731797470,"FOOD":9.0000000000000005668208957754217180990963242948055267333984375e-5,"GOLD":8.1000000000000003746135346371914920382550917565822601318359375e-5,"WOOD":5.7500000000000001739060284666749112147954292595386505126953125e-5,"STONE":8.33300000000000034607039456346910810680128633975982666015625e-5,"PLANKS":0.0889999999999999957811525064244051463901996612548828125,"SOUP":0.05000000000000000277555756156289135105907917022705078125,"INGOT":0.08000000000000000166533453693773481063544750213623046875,"is_cash":false}