{"date_update":1735854887,"FOOD":1.8819999999999999381293525058111981707043014466762542724609375e-5,"GOLD":1.900000000000000104603825601401467793039046227931976318359375e-5,"WOOD":1.3479999999999999686466078951951885755988769233226776123046875e-5,"STONE":0,"PLANKS":0.09170000000000000373034936274052597582340240478515625,"SOUP":0.11111110999999999904286340779435704462230205535888671875,"INGOT":0.0471000000000000029753977059954195283353328704833984375,"is_cash":false}