{"date_update":1733747857,"FOOD":4.10000000000000004740131898106625385480583645403385162353515625e-5,"GOLD":0.000112629999999999997370263293827719053297187201678752899169921875,"WOOD":5.97999999999999966586623767472730150984716601669788360595703125e-5,"STONE":4.00000000000000032721221565612523818344925530254840850830078125e-5,"PLANKS":0.096967999999999998639310661019408144056797027587890625,"SOUP":0.1666666699999999889936219688024721108376979827880859375,"INGOT":0.09799998000000000042408743183841579593718051910400390625,"is_cash":false}