{"date_update":1738255165,"FOOD":7.829999999999999571562332711938125839878921397030353546142578125e-6,"GOLD":1.4600000000000000821630090352964970179527881555259227752685546875e-5,"WOOD":1.627999999999999998327726569158357960986904799938201904296875e-5,"STONE":0.0003809999999999999910176018413920928651350550353527069091796875,"PLANKS":0.07649999999999999855671006798729649744927883148193359375,"SOUP":0.027900000000000001187938636348917498253285884857177734375,"INGOT":0.033300000000000003208544541166702401824295520782470703125,"is_cash":false}