{"date_update":1736797183,"FOOD":9.700000000000000302210513558609505935237393714487552642822265625e-6,"GOLD":7.386000000000000095638774677553328729118220508098602294921875e-5,"WOOD":1.8400000000000000014398204850607498883618973195552825927734375e-5,"STONE":0.000248139999999999992519317260075695230625569820404052734375,"PLANKS":0.08500000000000000610622663543836097232997417449951171875,"SOUP":0.1000000000000000055511151231257827021181583404541015625,"INGOT":0.039789999999999998980815263394106295891106128692626953125,"is_cash":false}