{"date_update":1737568204,"FOOD":8.53999999999999955002140394899612374501884914934635162353515625e-6,"GOLD":1.819999999999999854114092479040465377693180926144123077392578125e-5,"WOOD":9.609999999999999469838148080658157823563669808208942413330078125e-6,"STONE":0.0003809999999999999910176018413920928651350550353527069091796875,"PLANKS":0.08000000000000000166533453693773481063544750213623046875,"SOUP":0.07900000000000000077715611723760957829654216766357421875,"INGOT":0.035599999999999999700239783351207734085619449615478515625,"is_cash":false}