{"date_update":1733668655,"FOOD":4.60000000000000000359955121265187472090474329888820648193359375e-5,"GOLD":0.0001450000000000000008500145032286354762618429958820343017578125,"WOOD":6.6760000000000004559928823422154664513072930276393890380859375e-5,"STONE":4.00000000000000032721221565612523818344925530254840850830078125e-5,"PLANKS":0.096967999999999998639310661019408144056797027587890625,"SOUP":0.172999999999999987121412914348184131085872650146484375,"INGOT":0.09799998000000000042408743183841579593718051910400390625,"is_cash":false}