{"date_update":1739234991,"FOOD":0.000246000000000000016396606294932780656381510198116302490234375,"GOLD":0.00204000000000000014654943925052066333591938018798828125,"WOOD":0.000960000000000000024320823133194835463655181229114532470703125,"STONE":0.0003809999999999999910176018413920928651350550353527069091796875,"PLANKS":0.074651159999999994187902530029532499611377716064453125,"SOUP":0.023500000000000000055511151231257827021181583404541015625,"INGOT":0.040000000000000000832667268468867405317723751068115234375,"is_cash":true}