{"date_update":1734974477,"FOOD":3.63999999999999970822818495808093075538636185228824615478515625e-5,"GOLD":3.240000000000000149845413854876596815302036702632904052734375e-5,"WOOD":1.6200000000000000749227069274382984076510183513164520263671875e-5,"STONE":3.33300000000000010646171444417262819115421734750270843505859375e-5,"PLANKS":0.0945600000000000051603166184577275998890399932861328125,"SOUP":0.125,"INGOT":0.07248000000000000275779399316888884641230106353759765625,"is_cash":false}