{"date_update":1740140977,"FOOD":0.00022000000000000000783227649403528403126983903348445892333984375,"GOLD":0.000498379999999999981873111121188912875368259847164154052734375,"WOOD":8.233000000000000625881291238528092435444705188274383544921875e-5,"STONE":0,"PLANKS":0.07199999999999999455990717933673295192420482635498046875,"SOUP":0.02179999999999999993338661852249060757458209991455078125,"INGOT":0.040000000000000000832667268468867405317723751068115234375,"is_cash":false}