{"date_update":1738273857,"FOOD":7.79999999999999985879350905548790251486934721469879150390625e-6,"GOLD":1.410000000000000052661867921965921368609997443854808807373046875e-5,"WOOD":1.5730000000000000166984481797527450908091850578784942626953125e-5,"STONE":0.0003809999999999999910176018413920928651350550353527069091796875,"PLANKS":0.07649999999999999855671006798729649744927883148193359375,"SOUP":0.027900000000000001187938636348917498253285884857177734375,"INGOT":0.033300000000000003208544541166702401824295520782470703125,"is_cash":false}