{"date_update":1740834106,"FOOD":0.00020319000000000001122935078257114582811482250690460205078125,"GOLD":0.000331660000000000006019351683761442473041824996471405029296875,"WOOD":3.460000000000000076362527412499048296012915670871734619140625e-5,"STONE":0.054780000000000002302602553072574664838612079620361328125,"PLANKS":0.07055999999999999772182235346917877905070781707763671875,"SOUP":0.465000000000000024424906541753443889319896697998046875,"INGOT":0.040000000000000000832667268468867405317723751068115234375,"is_cash":false}