{"date_update":1731676763,"FOOD":0.000128799999999999986548260277885447067092172801494598388671875,"GOLD":0.000121999999999999997443884958148174746384029276669025421142578125,"WOOD":7.9279999999999999885265389298893978775595314800739288330078125e-5,"STONE":8.33300000000000034607039456346910810680128633975982666015625e-5,"PLANKS":0.09192599999999999382804816150382976047694683074951171875,"SOUP":0.05000000000000000277555756156289135105907917022705078125,"INGOT":0.088944999999999996287414205653476528823375701904296875,"is_cash":false}