{"date_update":1741533972,"FOOD":0.00019404000000000000566123536938079041647142730653285980224609375,"GOLD":0.00022809999999999998787809929456926738566835410892963409423828125,"WOOD":2.42899999999999995255184348508237235364504158496856689453125e-5,"STONE":0.0536999999999999977351450297646806575357913970947265625,"PLANKS":0.04900000000000000188737914186276611872017383575439453125,"SOUP":0.449000000000000010214051826551440171897411346435546875,"INGOT":0.05000000000000000277555756156289135105907917022705078125,"is_cash":false}