{"date_update":1734967032,"FOOD":3.7140000000000000161641533491518885057303123176097869873046875e-5,"GOLD":3.240000000000000149845413854876596815302036702632904052734375e-5,"WOOD":1.65000000000000012650470948560865735998959280550479888916015625e-5,"STONE":3.33300000000000010646171444417262819115421734750270843505859375e-5,"PLANKS":0.0945600000000000051603166184577275998890399932861328125,"SOUP":0.125,"INGOT":0.07248000000000000275779399316888884641230106353759765625,"is_cash":true}