{"date_update":1734670755,"FOOD":4.66599999999999971050414215856250166325480677187442779541015625e-5,"GOLD":3.55000000000000023110853508701012515302863903343677520751953125e-5,"WOOD":2.224999999999999872844769210900039979605935513973236083984375e-5,"STONE":0,"PLANKS":0.0945600000000000051603166184577275998890399932861328125,"SOUP":0.1435882400000000058692961601991555653512477874755859375,"INGOT":0.08680000000000000215383266777280368842184543609619140625,"is_cash":false}