{"date_update":1731292774,"FOOD":8.0000000000000006544244313122504763668985106050968170166015625e-5,"GOLD":0.000110000000000000003916138247017642015634919516742229461669921875,"WOOD":9.74799999999999950382745250720972762792371213436126708984375e-5,"STONE":8.33300000000000034607039456346910810680128633975982666015625e-5,"PLANKS":0.1000000000000000055511151231257827021181583404541015625,"SOUP":0.05000000000000000277555756156289135105907917022705078125,"INGOT":0.07900000000000000077715611723760957829654216766357421875,"is_cash":false}