{"date_update":1733343222,"FOOD":8.0900000000000001315440811833212819692562334239482879638671875e-5,"GOLD":0.0002866699999999999912310422178762792100314982235431671142578125,"WOOD":0.00013899999999999999053361399159456368579412810504436492919921875,"STONE":4.00000000000000032721221565612523818344925530254840850830078125e-5,"PLANKS":0.09888500000000000067501559897209517657756805419921875,"SOUP":0.177999999999999991562305012848810292780399322509765625,"INGOT":0.0999899999999999955502261173023725859820842742919921875,"is_cash":false}