{"date_update":1733521330,"FOOD":6.59500000000000038448411121549952440545894205570220947265625e-5,"GOLD":0.00019599999999999999367172875963660771958529949188232421875,"WOOD":7.700000000000000138604405730546886843512766063213348388671875e-5,"STONE":4.00000000000000032721221565612523818344925530254840850830078125e-5,"PLANKS":0.096967999999999998639310661019408144056797027587890625,"SOUP":0.173999999999999988009591334048309363424777984619140625,"INGOT":0.0980000000000000037747582837255322374403476715087890625,"is_cash":false}