{"date_update":1739471933,"FOOD":0.00023100000000000000415813217191640660530538298189640045166015625,"GOLD":0.001011109999999999960185181890892636147327721118927001953125,"WOOD":0.00044599999999999999887589918756702900282107293605804443359375,"STONE":0.0003809999999999999910176018413920928651350550353527069091796875,"PLANKS":0.07270000000000000073274719625260331667959690093994140625,"SOUP":0.0225999999999999985622611831104222801513969898223876953125,"INGOT":0.040000000000000000832667268468867405317723751068115234375,"is_cash":true}