{"date_update":1737588984,"FOOD":8.399999999999999196367665710294403424995834939181804656982421875e-6,"GOLD":1.800000000000000045601543374740316494353464804589748382568359375e-5,"WOOD":3.86700000000000007594445905478863778625964187085628509521484375e-5,"STONE":0.0003809999999999999910176018413920928651350550353527069091796875,"PLANKS":0.08000000000000000166533453693773481063544750213623046875,"SOUP":0.07777778000000000468983074597417726181447505950927734375,"INGOT":0.035599999999999999700239783351207734085619449615478515625,"is_cash":true}