{"date_update":1741666819,"FOOD":0.00019404000000000000566123536938079041647142730653285980224609375,"GOLD":0.0002173300000000000079848627709822039832943119108676910400390625,"WOOD":2.42899999999999995255184348508237235364504158496856689453125e-5,"STONE":0,"PLANKS":0.04900000000000000188737914186276611872017383575439453125,"SOUP":0,"INGOT":0,"is_cash":false}