{"date_update":1740581206,"FOOD":0.000207190000000000000036914915568786454969085752964019775390625,"GOLD":0.00037399999999999998349931029650861091795377433300018310546875,"WOOD":4.42800000000000029513891330879005181486718356609344482421875e-5,"STONE":0.00200000000000000004163336342344337026588618755340576171875,"PLANKS":0.07055999999999999772182235346917877905070781707763671875,"SOUP":0.0201999999999999992061905373930130735971033573150634765625,"INGOT":0.040000000000000000832667268468867405317723751068115234375,"is_cash":false}