{"date_update":1739404103,"FOOD":0.0002356600000000000035872693704419589266763068735599517822265625,"GOLD":0.0011600000000000000068001160258290838100947439670562744140625,"WOOD":0.0005000000000000000104083408558608425664715468883514404296875,"STONE":0.0003809999999999999910176018413920928651350550353527069091796875,"PLANKS":0.07317827000000000359225538204555050469934940338134765625,"SOUP":0.0230400000000000014510614931850795983336865901947021484375,"INGOT":0.040000000000000000832667268468867405317723751068115234375,"is_cash":false}