{"date_update":1733835758,"FOOD":3.99000000000000008414276220225502811445039696991443634033203125e-5,"GOLD":9.7999999999999996835864379818303859792649745941162109375e-5,"WOOD":5.700999999999999796017335906839207382290624082088470458984375e-5,"STONE":4.00000000000000032721221565612523818344925530254840850830078125e-5,"PLANKS":0.096967999999999998639310661019408144056797027587890625,"SOUP":0.1666666699999999889936219688024721108376979827880859375,"INGOT":0.0970000000000000028865798640254070051014423370361328125,"is_cash":true}