{"date_update":1736969425,"FOOD":9.439999999999999403415586185506214178531081415712833404541015625e-6,"GOLD":4.37499999999999995554771092809431820569443516433238983154296875e-5,"WOOD":1.277999999999999961226328226704396229251869954168796539306640625e-5,"STONE":0,"PLANKS":0.08300000000000000432986979603811050765216350555419921875,"SOUP":0.095833329999999994353032661820179782807826995849609375,"INGOT":0.038219999999999997031263632152331410907208919525146484375,"is_cash":false}