{"date_update":1735388373,"FOOD":2.42499999999999999084933366422234257697709836065769195556640625e-5,"GOLD":2.750000000000000097903456175441050390872987918555736541748046875e-5,"WOOD":3.75999999999999991455619519076236656474065966904163360595703125e-5,"STONE":0,"PLANKS":0.0926695700000000066598460080058430321514606475830078125,"SOUP":0.11388889000000000650825171533142565749585628509521484375,"INGOT":0.056950000000000000621724893790087662637233734130859375,"is_cash":false}