{"date_update":1734674025,"FOOD":4.66599999999999971050414215856250166325480677187442779541015625e-5,"GOLD":3.47999999999999988487507651679919717935263179242610931396484375e-5,"WOOD":2.224999999999999872844769210900039979605935513973236083984375e-5,"STONE":0,"PLANKS":0.0945600000000000051603166184577275998890399932861328125,"SOUP":0.1430555599999999982774312456967891193926334381103515625,"INGOT":0.08680000000000000215383266777280368842184543609619140625,"is_cash":false}