{"date_update":1734000713,"FOOD":3.60000000000000009120308674948063298870692960917949676513671875e-5,"GOLD":7.920000000000000065121519288169338324223645031452178955078125e-5,"WOOD":4.9200000000000003279321258986556131276302039623260498046875e-5,"STONE":4.00000000000000032721221565612523818344925530254840850830078125e-5,"PLANKS":0.0965000000000000024424906541753443889319896697998046875,"SOUP":0.1660000000000000086597395920762210153043270111083984375,"INGOT":0.0970000000000000028865798640254070051014423370361328125,"is_cash":false}