{"date_update":1733305150,"FOOD":8.500000000000000610622663543836097232997417449951171875e-5,"GOLD":0.000303800000000000011875223027146830645506270229816436767578125,"WOOD":0.000164599999999999989375165654337251908145844936370849609375,"STONE":4.00000000000000032721221565612523818344925530254840850830078125e-5,"PLANKS":0.09888500000000000067501559897209517657756805419921875,"SOUP":0.1808333299999999865814714894440839998424053192138671875,"INGOT":0.1000000000000000055511151231257827021181583404541015625,"is_cash":true}