{"date_update":1740934768,"FOOD":0.00020319000000000001122935078257114582811482250690460205078125,"GOLD":0.000309099999999999978071707484872376880957745015621185302734375,"WOOD":3.16000000000000023816885963423573002728517167270183563232421875e-5,"STONE":0.054780000000000002302602553072574664838612079620361328125,"PLANKS":0.07055999999999999772182235346917877905070781707763671875,"SOUP":0.458000000000000018207657603852567262947559356689453125,"INGOT":0.040000000000000000832667268468867405317723751068115234375,"is_cash":false}