{"date_update":1740559123,"FOOD":0.0002071999999999999948589735065951344950008206069469451904296875,"GOLD":0.00037399999999999998349931029650861091795377433300018310546875,"WOOD":4.75999999999999982695265965393360829693847335875034332275390625e-5,"STONE":0.00200000000000000004163336342344337026588618755340576171875,"PLANKS":0.07055999999999999772182235346917877905070781707763671875,"SOUP":0.0201999999999999992061905373930130735971033573150634765625,"INGOT":0.040000000000000000832667268468867405317723751068115234375,"is_cash":false}