{"date_update":1733073769,"FOOD":4.81499999999999980858193804333922116711619310081005096435546875e-5,"GOLD":3.85699999999999983287500560091842771726078353822231292724609375e-5,"WOOD":5.0909999999999998765605468964423607758362777531147003173828125e-5,"STONE":4.00000000000000032721221565612523818344925530254840850830078125e-5,"PLANKS":0.040000000000000000832667268468867405317723751068115234375,"SOUP":0.035200000000000002120525977034048992209136486053466796875,"INGOT":0.0208570999999999999452438004254872794263064861297607421875,"is_cash":true}