{"date_update":1733426190,"FOOD":7.349999999999999762689828486372789484448730945587158203125e-5,"GOLD":0.00024000000000000000608020578329870886591379530727863311767578125,"WOOD":9.9799999999999999930784533308525396932964213192462921142578125e-5,"STONE":4.00000000000000032721221565612523818344925530254840850830078125e-5,"PLANKS":0.096967999999999998639310661019408144056797027587890625,"SOUP":0.174999999999999988897769753748434595763683319091796875,"INGOT":0.0980000000000000037747582837255322374403476715087890625,"is_cash":false}