{"date_update":1737836750,"FOOD":7.979999999999999829472345502789920601571793667972087860107421875e-6,"GOLD":1.631000000000000139011198385663448107152362354099750518798828125e-5,"WOOD":2.799999999999999957998007837911558226551278494298458099365234375e-5,"STONE":0.0003809999999999999910176018413920928651350550353527069091796875,"PLANKS":0.07900000000000000077715611723760957829654216766357421875,"SOUP":0.07140000000000000512923037376822321675717830657958984375,"INGOT":0.035599999999999999700239783351207734085619449615478515625,"is_cash":false}