{"date_update":1735985557,"FOOD":1.739999999999999942437538258399598589676315896213054656982421875e-5,"GOLD":1.800000000000000045601543374740316494353464804589748382568359375e-5,"WOOD":1.2999999999999999199967216922946278145900578238070011138916015625e-5,"STONE":0,"PLANKS":0.08989999999999999380495552259162650443613529205322265625,"SOUP":0.10972221999999999531016925402582273818552494049072265625,"INGOT":0.04649999999999999966693309261245303787291049957275390625,"is_cash":false}