{"date_update":1737065561,"FOOD":9.439999999999999403415586185506214178531081415712833404541015625e-6,"GOLD":2.9600000000000001201642951809134274299140088260173797607421875e-5,"WOOD":1.332999999999999942855606616110009099429589696228504180908203125e-5,"STONE":0,"PLANKS":0.08300000000000000432986979603811050765216350555419921875,"SOUP":0.09444444000000000449812631586610223166644573211669921875,"INGOT":0.038219999999999997031263632152331410907208919525146484375,"is_cash":false}