{"date_update":1734153517,"FOOD":2.90000000000000001700029006457270952523685991764068603515625e-5,"GOLD":7.1000000000000004622170701740202503060572780668735504150390625e-5,"WOOD":4.50000000000000028341044788771085904954816214740276336669921875e-5,"STONE":0,"PLANKS":0.0965000000000000024424906541753443889319896697998046875,"SOUP":0.1650000000000000077715611723760957829654216766357421875,"INGOT":0.0970000000000000028865798640254070051014423370361328125,"is_cash":true}