{"date_update":1733398511,"FOOD":7.6500000000000002785098540680763790078344754874706268310546875e-5,"GOLD":0.0002599999999999999772230807604245228503714315593242645263671875,"WOOD":0.000109799999999999999054749177940237814254942350089550018310546875,"STONE":4.00000000000000032721221565612523818344925530254840850830078125e-5,"PLANKS":0.0988799999999999956745710960603901185095310211181640625,"SOUP":0.174999999999999988897769753748434595763683319091796875,"INGOT":0.0980000000000000037747582837255322374403476715087890625,"is_cash":false}