{"date_update":1735237510,"FOOD":2.82000000000000010532373584393184273721999488770961761474609375e-5,"GOLD":2.8479999999999998372413045899520511738955974578857421875e-5,"WOOD":5.05000000000000009970323178176698775132535956799983978271484375e-5,"STONE":3.33300000000000010646171444417262819115421734750270843505859375e-5,"PLANKS":0.0926695700000000066598460080058430321514606475830078125,"SOUP":0.116055560000000002052189529422321356832981109619140625,"INGOT":0.0604999999999999982236431605997495353221893310546875,"is_cash":true}