{"date_update":1731161935,"FOOD":9.950000000000000619122808576122451995615847408771514892578125e-5,"GOLD":0.00014799999999999999245568760297686594640254043042659759521484375,"WOOD":0.0001615400000000000017320866962933223476284183561801910400390625,"STONE":8.33300000000000034607039456346910810680128633975982666015625e-5,"PLANKS":0.1590000000000000024424906541753443889319896697998046875,"SOUP":0.05000000000000000277555756156289135105907917022705078125,"INGOT":0.08000000000000000166533453693773481063544750213623046875,"is_cash":true}