{"date_update":1734960835,"FOOD":3.7140000000000000161641533491518885057303123176097869873046875e-5,"GOLD":3.24999999999999971528850950530653562964289449155330657958984375e-5,"WOOD":1.69999999999999998659926114807916519566788338124752044677734375e-5,"STONE":3.33300000000000010646171444417262819115421734750270843505859375e-5,"PLANKS":0.0945600000000000051603166184577275998890399932861328125,"SOUP":0.125,"INGOT":0.07248000000000000275779399316888884641230106353759765625,"is_cash":false}