{"date_update":1739211826,"FOOD":0.000246000000000000016396606294932780656381510198116302490234375,"GOLD":0.002290910000000000168451919080325751565396785736083984375,"WOOD":0.00111000000000000009249545573908335427404381334781646728515625,"STONE":0.0003809999999999999910176018413920928651350550353527069091796875,"PLANKS":0.074651159999999994187902530029532499611377716064453125,"SOUP":0.023500000000000000055511151231257827021181583404541015625,"INGOT":0.040000000000000000832667268468867405317723751068115234375,"is_cash":true}