{"date_update":1734651102,"FOOD":4.758000000000000184914583645223729035933502018451690673828125e-5,"GOLD":3.55000000000000023110853508701012515302863903343677520751953125e-5,"WOOD":2.228000000000000013528241027405130125771393068134784698486328125e-5,"STONE":0,"PLANKS":0.0945600000000000051603166184577275998890399932861328125,"SOUP":0.1435882400000000058692961601991555653512477874755859375,"INGOT":0.08855000000000000370814490224802284501492977142333984375,"is_cash":false}