{"date_update":1731120587,"FOOD":7.920000000000000065121519288169338324223645031452178955078125e-5,"GOLD":0.0001593300000000000076448569696907497927895747125148773193359375,"WOOD":0.000125000000000000002602085213965210641617886722087860107421875,"STONE":8.33300000000000034607039456346910810680128633975982666015625e-5,"PLANKS":0.1590000000000000024424906541753443889319896697998046875,"SOUP":0.05000000000000000277555756156289135105907917022705078125,"INGOT":0.08198999999999999344080237051457515917718410491943359375,"is_cash":true}