{"date_update":1731494325,"FOOD":9.992000000000000555812340596872900277958251535892486572265625e-5,"GOLD":9.3410000000000001818718786683604093923349864780902862548828125e-5,"WOOD":9.6299999999999996171638760866784423342323862016201019287109375e-5,"STONE":8.33300000000000034607039456346910810680128633975982666015625e-5,"PLANKS":0.0960000000000000019984014443252817727625370025634765625,"SOUP":0.05000000000000000277555756156289135105907917022705078125,"INGOT":0.09499000000000000498712182661620317958295345306396484375,"is_cash":true}