{"date_update":1733384921,"FOOD":7.899999999999999578982612380428918186225928366184234619140625e-5,"GOLD":0.0002700000000000000034520997171938461178797297179698944091796875,"WOOD":0.000115600000000000004509760620496905403342680074274539947509765625,"STONE":4.00000000000000032721221565612523818344925530254840850830078125e-5,"PLANKS":0.0988799999999999956745710960603901185095310211181640625,"SOUP":0.174999999999999988897769753748434595763683319091796875,"INGOT":0.0980000000000000037747582837255322374403476715087890625,"is_cash":false}