{"date_update":1736030583,"FOOD":1.67500000000000005655198531684391127782873809337615966796875e-5,"GOLD":1.764000000000000051465776085279912877012975513935089111328125e-5,"WOOD":1.2999999999999999199967216922946278145900578238070011138916015625e-5,"STONE":0,"PLANKS":0.08989999999999999380495552259162650443613529205322265625,"SOUP":0.10972221999999999531016925402582273818552494049072265625,"INGOT":0.045400000000000002853273173286652308888733386993408203125,"is_cash":true}