{"date_update":1736355601,"FOOD":1.0499999999999999418976055765018173815406044013798236846923828125e-5,"GOLD":0.00015699999999999999437776121435916820701095275580883026123046875,"WOOD":7.490999999999999937362604729429449434974230825901031494140625e-5,"STONE":0,"PLANKS":0.08980000000000000481836792687317938543856143951416015625,"SOUP":0.10499999999999999611421941381195210851728916168212890625,"INGOT":0.043900000000000001521005543736464460380375385284423828125,"is_cash":false}