{"date_update":1731857011,"FOOD":8.0000000000000006544244313122504763668985106050968170166015625e-5,"GOLD":6.2000000000000002700097090357900242452160455286502838134765625e-5,"WOOD":5.17899999999999971164212075880328711718902923166751861572265625e-5,"STONE":8.33300000000000034607039456346910810680128633975982666015625e-5,"PLANKS":0.0888888899999999981815790306427516043186187744140625,"SOUP":0.05000000000000000277555756156289135105907917022705078125,"INGOT":0.07900000000000000077715611723760957829654216766357421875,"is_cash":true}