{"date_update":1733202544,"FOOD":9.7299999999999993373529794116194580055889673531055450439453125e-5,"GOLD":0.000539639999999999976469655660338275993126444518566131591796875,"WOOD":0.000245969999999999977720321897578514835913665592670440673828125,"STONE":4.00000000000000032721221565612523818344925530254840850830078125e-5,"PLANKS":0.09890000000000000179856129989275359548628330230712890625,"SOUP":0.1952000000000000123900889548167469911277294158935546875,"INGOT":0.02085599999999999953903540017563500441610813140869140625,"is_cash":false}