{"date_update":1733574478,"FOOD":5.9599999999999998573536885704271526265074498951435089111328125e-5,"GOLD":0.0001700000000000000122124532708767219446599483489990234375,"WOOD":7.2899999999999996595258233700320715797715820372104644775390625e-5,"STONE":4.00000000000000032721221565612523818344925530254840850830078125e-5,"PLANKS":0.096967999999999998639310661019408144056797027587890625,"SOUP":0.173999999999999988009591334048309363424777984619140625,"INGOT":0.0980000000000000037747582837255322374403476715087890625,"is_cash":true}