{"date_update":1735508724,"FOOD":2.20500000000000006433222010659989109626621939241886138916015625e-5,"GOLD":2.6670000000000000455434301382950934566906653344631195068359375e-5,"WOOD":2.966000000000000062718059912203472094915923662483692169189453125e-5,"STONE":0,"PLANKS":0.0926695700000000066598460080058430321514606475830078125,"SOUP":0.11388889000000000650825171533142565749585628509521484375,"INGOT":0.053620000000000000994759830064140260219573974609375,"is_cash":true}