{"date_update":1740315132,"FOOD":0.00021560000000000000930193422288283500165562145411968231201171875,"GOLD":0.0004606699999999999922510596217506417815457098186016082763671875,"WOOD":6.6199999999999996369050292432945070686400867998600006103515625e-5,"STONE":0,"PLANKS":0.07199999999999999455990717933673295192420482635498046875,"SOUP":0.0213999999999999988842258602517176768742501735687255859375,"INGOT":0.040000000000000000832667268468867405317723751068115234375,"is_cash":false}