{"date_update":1731332323,"FOOD":6.00000000000000015200514458246772164784488268196582794189453125e-5,"GOLD":7.9900000000000004113549778583802662978996522724628448486328125e-5,"WOOD":7.34900000000000028048396938373798548127524554729461669921875e-5,"STONE":8.33300000000000034607039456346910810680128633975982666015625e-5,"PLANKS":0.1000000000000000055511151231257827021181583404541015625,"SOUP":0.05000000000000000277555756156289135105907917022705078125,"INGOT":0.07799999999999999988897769753748434595763683319091796875,"is_cash":true}