{"date_update":1735010883,"FOOD":3.54799999999999991144410127485997463736566714942455291748046875e-5,"GOLD":3.13999999999999975202995272649530988928745500743389129638671875e-5,"WOOD":1.6200000000000000749227069274382984076510183513164520263671875e-5,"STONE":3.33300000000000010646171444417262819115421734750270843505859375e-5,"PLANKS":0.0945600000000000051603166184577275998890399932861328125,"SOUP":0.125,"INGOT":0.07104000000000000591970916730133467353880405426025390625,"is_cash":true}