{"date_update":1740394634,"FOOD":0.00021560000000000000930193422288283500165562145411968231201171875,"GOLD":0.0004375000000000000091072982488782372456626035273075103759765625,"WOOD":5.9599999999999998573536885704271526265074498951435089111328125e-5,"STONE":0,"PLANKS":0.07199999999999999455990717933673295192420482635498046875,"SOUP":0.020600000000000000255351295663786004297435283660888671875,"INGOT":0.040000000000000000832667268468867405317723751068115234375,"is_cash":true}