{"date_update":1733648416,"FOOD":4.8499999999999999816986673284446851539541967213153839111328125e-5,"GOLD":0.00014777999999999999795018135184676566495909355580806732177734375,"WOOD":6.925000000000000274259781551933201626525260508060455322265625e-5,"STONE":4.00000000000000032721221565612523818344925530254840850830078125e-5,"PLANKS":0.096967999999999998639310661019408144056797027587890625,"SOUP":0.172999999999999987121412914348184131085872650146484375,"INGOT":0.09799998000000000042408743183841579593718051910400390625,"is_cash":false}