{"date_update":1737574721,"FOOD":8.53999999999999955002140394899612374501884914934635162353515625e-6,"GOLD":1.819999999999999854114092479040465377693180926144123077392578125e-5,"WOOD":9.419999999999999594903037081206065295191365294158458709716796875e-6,"STONE":0.0003809999999999999910176018413920928651350550353527069091796875,"PLANKS":0.08000000000000000166533453693773481063544750213623046875,"SOUP":0.07895000000000000628386231937838601879775524139404296875,"INGOT":0.035599999999999999700239783351207734085619449615478515625,"is_cash":false}