{"date_update":1736567284,"FOOD":1.0329999999999999352553493869866230170373455621302127838134765625e-5,"GOLD":0.00013500000000000000172604985859692305893986485898494720458984375,"WOOD":2.7979999999999999771467529274815433382173068821430206298828125e-5,"STONE":0,"PLANKS":0.08812499999999999500399638918679556809365749359130859375,"SOUP":0.10299999999999999433786257441170164383947849273681640625,"INGOT":0.04220000000000000139888101102769724093377590179443359375,"is_cash":false}