{"date_update":1735594790,"FOOD":2.120999999999999852139977163378858904252410866320133209228515625e-5,"GOLD":2.54799999999999999904763681168873290516785345971584320068359375e-5,"WOOD":2.423999999999999831017116758147267319145612418651580810546875e-5,"STONE":0.000793650000000000019513557436567907643620856106281280517578125,"PLANKS":0.0926695700000000066598460080058430321514606475830078125,"SOUP":0.11388889000000000650825171533142565749585628509521484375,"INGOT":0.0504799999999999970956565675805904902517795562744140625,"is_cash":false}