{"date_update":1733732316,"FOOD":4.14999999999999990749587064353676169048412702977657318115234375e-5,"GOLD":0.000117599999999999998913542686995725716769811697304248809814453125,"WOOD":6.2000000000000002700097090357900242452160455286502838134765625e-5,"STONE":4.00000000000000032721221565612523818344925530254840850830078125e-5,"PLANKS":0.096967999999999998639310661019408144056797027587890625,"SOUP":0.1700000000000000122124532708767219446599483489990234375,"INGOT":0.09799998000000000042408743183841579593718051910400390625,"is_cash":true}