{"date_update":1739106817,"FOOD":7.109999999999999688846986922730053493069135583937168121337890625e-6,"GOLD":1.16600000000000001711651653746315560056245885789394378662109375e-5,"WOOD":8.260000000000000536779821980193361241617822088301181793212890625e-6,"STONE":0.0003809999999999999910176018413920928651350550353527069091796875,"PLANKS":0.07466667000000000442572201109214802272617816925048828125,"SOUP":0.023500000000000000055511151231257827021181583404541015625,"INGOT":0,"is_cash":false}