{"date_update":1732047287,"FOOD":6.3999999999999997103879156856720555879292078316211700439453125e-5,"GOLD":5.45499999999999977962072961190642672590911388397216796875e-5,"WOOD":5.48999999999999995273745889701189071274711750447750091552734375e-5,"STONE":8.33300000000000034607039456346910810680128633975982666015625e-5,"PLANKS":0.08000000000000000166533453693773481063544750213623046875,"SOUP":0.049899999999999999911182158029987476766109466552734375,"INGOT":0.038749999999999999722444243843710864894092082977294921875,"is_cash":false}