{"date_update":1731076390,"FOOD":0.000111990000000000003497861722490114289030316285789012908935546875,"GOLD":0.00017499999999999999822190843712377272822777740657329559326171875,"WOOD":0.00019790000000000001274987060373433678250876255333423614501953125,"STONE":8.33300000000000034607039456346910810680128633975982666015625e-5,"PLANKS":0.1640000000000000068833827526759705506265163421630859375,"SOUP":0.05000000000000000277555756156289135105907917022705078125,"INGOT":0.08198999999999999344080237051457515917718410491943359375,"is_cash":true}