{"date_update":1732441761,"FOOD":5.50000000000000019580691235088210078174597583711147308349609375e-5,"GOLD":6.00000000000000015200514458246772164784488268196582794189453125e-5,"WOOD":3.72000000000000029753109698216206879806122742593288421630859375e-5,"STONE":8.0000000000000006544244313122504763668985106050968170166015625e-5,"PLANKS":0.070000000000000006661338147750939242541790008544921875,"SOUP":0.03529411999999999827171137667392031289637088775634765625,"INGOT":0.0299999999999999988897769753748434595763683319091796875,"is_cash":true}