{"date_update":1731935815,"FOOD":7.1799999999999996962672665912208458394161425530910491943359375e-5,"GOLD":5.00000000000000023960868011929647991564706899225711822509765625e-5,"WOOD":7.218999999999999831086505697186339602922089397907257080078125e-5,"STONE":8.33300000000000034607039456346910810680128633975982666015625e-5,"PLANKS":0.08588888999999999551704377154237590730190277099609375,"SOUP":0.049899999999999999911182158029987476766109466552734375,"INGOT":0.059900000000000001854072451124011422507464885711669921875,"is_cash":false}