{"date_update":1734496945,"FOOD":6.00000000000000015200514458246772164784488268196582794189453125e-5,"GOLD":4.350000000000000025500435096859064287855289876461029052734375e-5,"WOOD":2.6250000000000001088538981175446451743482612073421478271484375e-5,"STONE":5.00000000000000023960868011929647991564706899225711822509765625e-5,"PLANKS":0.09457000000000000128341781646668096072971820831298828125,"SOUP":0.1484375,"INGOT":0.094079999999999996962429804625571705400943756103515625,"is_cash":true}