{"date_update":1732971664,"FOOD":4.6879999999999998386811250750128010622574947774410247802734375e-5,"GOLD":4.50000000000000028341044788771085904954816214740276336669921875e-5,"WOOD":6.00000000000000015200514458246772164784488268196582794189453125e-5,"STONE":4.00000000000000032721221565612523818344925530254840850830078125e-5,"PLANKS":0.0566666700000000023162982643043505959212779998779296875,"SOUP":0.03529411999999999827171137667392031289637088775634765625,"INGOT":0.021085710000000000563513680162941454909741878509521484375,"is_cash":false}