{"date_update":1736333342,"FOOD":1.08499999999999994560774541074721355471410788595676422119140625e-5,"GOLD":0.0001616699999999999886289570039110685684136115014553070068359375,"WOOD":9.207999999999999930604122067023808995145373046398162841796875e-5,"STONE":0,"PLANKS":0.08989999999999999380495552259162650443613529205322265625,"SOUP":0.10499999999999999611421941381195210851728916168212890625,"INGOT":0.043900000000000001521005543736464460380375385284423828125,"is_cash":false}