{"date_update":1733507809,"FOOD":6.600000000000000506018837942434629439958371222019195556640625e-5,"GOLD":0.00019599999999999999367172875963660771958529949188232421875,"WOOD":8.19799999999999977513820414998235719394870102405548095703125e-5,"STONE":4.00000000000000032721221565612523818344925530254840850830078125e-5,"PLANKS":0.096967999999999998639310661019408144056797027587890625,"SOUP":0.173999999999999988009591334048309363424777984619140625,"INGOT":0.0980000000000000037747582837255322374403476715087890625,"is_cash":true}