{"date_update":1738360578,"FOOD":7.600000000000000079602123503885735544827184639871120452880859375e-6,"GOLD":1.3849999999999999532080026398705996371063520200550556182861328125e-5,"WOOD":1.4070000000000000813849855563208990361090400256216526031494140625e-5,"STONE":0.0003809999999999999910176018413920928651350550353527069091796875,"PLANKS":0.07649999999999999855671006798729649744927883148193359375,"SOUP":0.026900000000000000299760216648792265914380550384521484375,"INGOT":0.033300000000000003208544541166702401824295520782470703125,"is_cash":true}