{"date_update":1740425598,"FOOD":0.0002120000000000000031120939159023919273749925196170806884765625,"GOLD":0.00043416999999999999863831146029724550317041575908660888671875,"WOOD":5.433000000000000329070104498896398581564426422119140625e-5,"STONE":0.00200000000000000004163336342344337026588618755340576171875,"PLANKS":0.07199999999999999455990717933673295192420482635498046875,"SOUP":0.0201999999999999992061905373930130735971033573150634765625,"INGOT":0.040000000000000000832667268468867405317723751068115234375,"is_cash":false}