{"date_update":1733340231,"FOOD":8.1000000000000003746135346371914920382550917565822601318359375e-5,"GOLD":0.000290000000000000001700029006457270952523685991764068603515625,"WOOD":0.0001399999999999999877355050248439738425076939165592193603515625,"STONE":4.00000000000000032721221565612523818344925530254840850830078125e-5,"PLANKS":0.09888500000000000067501559897209517657756805419921875,"SOUP":0.177999999999999991562305012848810292780399322509765625,"INGOT":0.0999899999999999955502261173023725859820842742919921875,"is_cash":false}