{"date_update":1731220224,"FOOD":8.500000000000000610622663543836097232997417449951171875e-5,"GOLD":0.0001399999999999999877355050248439738425076939165592193603515625,"WOOD":0.00010600000000000000155604695795119596368749625980854034423828125,"STONE":8.33300000000000034607039456346910810680128633975982666015625e-5,"PLANKS":0.13000000000000000444089209850062616169452667236328125,"SOUP":0.05000000000000000277555756156289135105907917022705078125,"INGOT":0.07900000000000000077715611723760957829654216766357421875,"is_cash":false}