{"date_update":1737659477,"FOOD":8.399999999999999196367665710294403424995834939181804656982421875e-6,"GOLD":1.71699999999999999324151733759435956017114222049713134765625e-5,"WOOD":3.4999999999999996933876256210993460626923479139804840087890625e-5,"STONE":0.0003809999999999999910176018413920928651350550353527069091796875,"PLANKS":0.08000000000000000166533453693773481063544750213623046875,"SOUP":0.07599999999999999811262085813723388127982616424560546875,"INGOT":0.035599999999999999700239783351207734085619449615478515625,"is_cash":false}