{"date_update":1731383303,"FOOD":5.6669999999999997827328235278088186532841064035892486572265625e-5,"GOLD":8.7800000000000006403037822177992666183854453265666961669921875e-5,"WOOD":0.00014999999999999998685946966947568625982967205345630645751953125,"STONE":8.33300000000000034607039456346910810680128633975982666015625e-5,"PLANKS":0.0975000000000000033306690738754696212708950042724609375,"SOUP":0.05000000000000000277555756156289135105907917022705078125,"INGOT":0.07799999999999999988897769753748434595763683319091796875,"is_cash":true}