{"date_update":1734111914,"FOOD":3.05300000000000007678059577020945880576618947088718414306640625e-5,"GOLD":7.2999999999999999025952768239022816487704403698444366455078125e-5,"WOOD":4.559999999999999708948095200611305699567310512065887451171875e-5,"STONE":0,"PLANKS":0.0965000000000000024424906541753443889319896697998046875,"SOUP":0.1650000000000000077715611723760957829654216766357421875,"INGOT":0.0970000000000000028865798640254070051014423370361328125,"is_cash":false}