{"date_update":1731153028,"FOOD":7.7750000000000006063725910276929198516882024705410003662109375e-5,"GOLD":0.00015499999999999999997397914786034789358382113277912139892578125,"WOOD":0.0001695900000000000076676165416955655018682591617107391357421875,"STONE":8.33300000000000034607039456346910810680128633975982666015625e-5,"PLANKS":0.1590000000000000024424906541753443889319896697998046875,"SOUP":0.05000000000000000277555756156289135105907917022705078125,"INGOT":0.08000000000000000166533453693773481063544750213623046875,"is_cash":true}