{"date_update":1733230686,"FOOD":9.2999999999999997273882057502447651131660677492618560791015625e-5,"GOLD":0.0004706000000000000005155598170603070684592239558696746826171875,"WOOD":0.00021992999999999998986775773257562605067505501210689544677734375,"STONE":4.00000000000000032721221565612523818344925530254840850830078125e-5,"PLANKS":0.0988900000000000056754601018838002346456050872802734375,"SOUP":0.1841000000000000136335387423969223164021968841552734375,"INGOT":0.02085599999999999953903540017563500441610813140869140625,"is_cash":true}