{"date_update":1735728763,"FOOD":1.961000000000000028786868722097125328218680806457996368408203125e-5,"GOLD":2.300000000000000001799775606325937360452371649444103240966796875e-5,"WOOD":1.605000000000000049131705648353118931481731124222278594970703125e-5,"STONE":0,"PLANKS":0.0926695700000000066598460080058430321514606475830078125,"SOUP":0.11250000000000000277555756156289135105907917022705078125,"INGOT":0.047236000000000000209610107049229554831981658935546875,"is_cash":true}