{"date_update":1731398305,"FOOD":7.9950000000000005328897045853153713323990814387798309326171875e-5,"GOLD":8.056000000000000118259568804290893240249715745449066162109375e-5,"WOOD":0.000100000000000000004792173602385929598312941379845142364501953125,"STONE":8.33300000000000034607039456346910810680128633975982666015625e-5,"PLANKS":0.0975000000000000033306690738754696212708950042724609375,"SOUP":0.05000000000000000277555756156289135105907917022705078125,"INGOT":0.09940000000000000224265050974281621165573596954345703125,"is_cash":true}