{"date_update":1732373495,"FOOD":6.3330000000000005212774656371266246424056589603424072265625e-5,"GOLD":6.8800000000000005356999566163977988253463990986347198486328125e-5,"WOOD":4.78000000000000031309156656167402843493619002401828765869140625e-5,"STONE":8.0000000000000006544244313122504763668985106050968170166015625e-5,"PLANKS":0.07249999999999999500399638918679556809365749359130859375,"SOUP":0.040000000000000000832667268468867405317723751068115234375,"INGOT":0.0299999999999999988897769753748434595763683319091796875,"is_cash":true}