{"date_update":1739500777,"FOOD":0.00023100000000000000415813217191640660530538298189640045166015625,"GOLD":0.000981000000000000101085806392120503005571663379669189453125,"WOOD":0.00040744000000000001569799845668740090331993997097015380859375,"STONE":0.0003809999999999999910176018413920928651350550353527069091796875,"PLANKS":0.07270000000000000073274719625260331667959690093994140625,"SOUP":0.0225999999999999985622611831104222801513969898223876953125,"INGOT":0.040000000000000000832667268468867405317723751068115234375,"is_cash":false}