{"date_update":1732830646,"FOOD":5.5309999999999997295947740116872637372580356895923614501953125e-5,"GOLD":4.800000000000000121604115665974177318275906145572662353515625e-5,"WOOD":4.339999999999999782430981642988854218856431543827056884765625e-5,"STONE":4.00000000000000032721221565612523818344925530254840850830078125e-5,"PLANKS":0.0566666700000000023162982643043505959212779998779296875,"SOUP":0.03529411999999999827171137667392031289637088775634765625,"INGOT":0.0221095299999999987672349988088171812705695629119873046875,"is_cash":false}