{"date_update":1733441124,"FOOD":7.349999999999999762689828486372789484448730945587158203125e-5,"GOLD":0.00023100000000000000415813217191640660530538298189640045166015625,"WOOD":9.4140000000000003299756301533562918848474510014057159423828125e-5,"STONE":4.00000000000000032721221565612523818344925530254840850830078125e-5,"PLANKS":0.096967999999999998639310661019408144056797027587890625,"SOUP":0.173999999999999988009591334048309363424777984619140625,"INGOT":0.0980000000000000037747582837255322374403476715087890625,"is_cash":false}