{"date_update":1737329615,"FOOD":8.9900000000000003237514423215515080300974659621715545654296875e-6,"GOLD":2.000000000000000163606107828062619091724627651274204254150390625e-5,"WOOD":1.171999999999999959670281268753200265564373694360256195068359375e-5,"STONE":0.0003809999999999999910176018413920928651350550353527069091796875,"PLANKS":0.0813399999999999956390439592723851092159748077392578125,"SOUP":0.0874999999999999944488848768742172978818416595458984375,"INGOT":0.035599999999999999700239783351207734085619449615478515625,"is_cash":true}