{"date_update":1739046510,"FOOD":7.250000000000000042500725161431773813092149794101715087890625e-6,"GOLD":1.1780000000000000716306354509033127442307886667549610137939453125e-5,"WOOD":8.4400000000000005074586584274953793283202685415744781494140625e-6,"STONE":0.0003809999999999999910176018413920928651350550353527069091796875,"PLANKS":0.07466667000000000442572201109214802272617816925048828125,"SOUP":0.023500000000000000055511151231257827021181583404541015625,"INGOT":0.040000000000000000832667268468867405317723751068115234375,"is_cash":false}