{"date_update":1731750599,"FOOD":0.000110000000000000003916138247017642015634919516742229461669921875,"GOLD":0.000106669999999999993447151458436650273142731748521327972412109375,"WOOD":7.2689999999999996911810573596568474386003799736499786376953125e-5,"STONE":8.33300000000000034607039456346910810680128633975982666015625e-5,"PLANKS":0.0889999999999999957811525064244051463901996612548828125,"SOUP":0.05000000000000000277555756156289135105907917022705078125,"INGOT":0.08400000000000000521804821573823573999106884002685546875,"is_cash":true}