{"date_update":1733172403,"FOOD":9.77800000000000023303581286882035783492028713226318359375e-5,"GOLD":0.000573999999999999965978603189142859264393337070941925048828125,"WOOD":0.0002777799999999999865617217320590270901448093354701995849609375,"STONE":4.00000000000000032721221565612523818344925530254840850830078125e-5,"PLANKS":0.0990000000000000046629367034256574697792530059814453125,"SOUP":0.033599999999999997923882943950957269407808780670166015625,"INGOT":0.02085599999999999953903540017563500441610813140869140625,"is_cash":true}