{"date_update":1733495279,"FOOD":6.799999999999999946397044592316660782671533524990081787109375e-5,"GOLD":0.000210000000000000008708311849403571613947860896587371826171875,"WOOD":8.296000000000000530915589269653764858958311378955841064453125e-5,"STONE":4.00000000000000032721221565612523818344925530254840850830078125e-5,"PLANKS":0.096967999999999998639310661019408144056797027587890625,"SOUP":0.173999999999999988009591334048309363424777984619140625,"INGOT":0.0980000000000000037747582837255322374403476715087890625,"is_cash":false}