{"date_update":1740260852,"FOOD":0.00021560000000000000930193422288283500165562145411968231201171875,"GOLD":0.0004716000000000000248225051624473280753591097891330718994140625,"WOOD":6.8800000000000005356999566163977988253463990986347198486328125e-5,"STONE":0,"PLANKS":0.07199999999999999455990717933673295192420482635498046875,"SOUP":0.0213999999999999988842258602517176768742501735687255859375,"INGOT":0.040000000000000000832667268468867405317723751068115234375,"is_cash":false}