{"date_update":1733046710,"FOOD":4.81700000000000012824637185548937168277916498482227325439453125e-5,"GOLD":4.19999999999999976759042230600726952616241760551929473876953125e-5,"WOOD":5.09999999999999995979778344423749558700365014374256134033203125e-5,"STONE":4.00000000000000032721221565612523818344925530254840850830078125e-5,"PLANKS":0.040000000000000000832667268468867405317723751068115234375,"SOUP":0.035200000000000002120525977034048992209136486053466796875,"INGOT":0.0208570999999999999452438004254872794263064861297607421875,"is_cash":true}