{"date_update":1737559767,"FOOD":8.53999999999999955002140394899612374501884914934635162353515625e-6,"GOLD":1.819999999999999854114092479040465377693180926144123077392578125e-5,"WOOD":9.799999999999999344773259080110250351935974322259426116943359375e-6,"STONE":0.0003809999999999999910176018413920928651350550353527069091796875,"PLANKS":0.08000000000000000166533453693773481063544750213623046875,"SOUP":0.0805555599999999982774312456967891193926334381103515625,"INGOT":0.035599999999999999700239783351207734085619449615478515625,"is_cash":false}