{"date_update":1739013077,"FOOD":7.3000000000000004108150451764824850897639407776296138763427734375e-6,"GOLD":1.202000000000000011252283826923559217902948148548603057861328125e-5,"WOOD":8.76000000000000083179123311349911773504572920501232147216796875e-6,"STONE":0.0003809999999999999910176018413920928651350550353527069091796875,"PLANKS":0.07466667000000000442572201109214802272617816925048828125,"SOUP":0.023500000000000000055511151231257827021181583404541015625,"INGOT":0.040000000000000000832667268468867405317723751068115234375,"is_cash":false}