{"date_update":1733233683,"FOOD":9.2000000000000000071991024253037494418094865977764129638671875e-5,"GOLD":0.000460000000000000013912482277333992897183634340763092041015625,"WOOD":0.000207080000000000002784161790003736314247362315654754638671875,"STONE":4.00000000000000032721221565612523818344925530254840850830078125e-5,"PLANKS":0.0988900000000000056754601018838002346456050872802734375,"SOUP":0.1841000000000000136335387423969223164021968841552734375,"INGOT":0.02085599999999999953903540017563500441610813140869140625,"is_cash":true}