{"date_update":1738668773,"FOOD":7.580000000000000271089574399585586661487468518316745758056640625e-6,"GOLD":1.287000000000000044463564774499531040419242344796657562255859375e-5,"WOOD":9.799999999999999344773259080110250351935974322259426116943359375e-6,"STONE":0.0003809999999999999910176018413920928651350550353527069091796875,"PLANKS":0.07649999999999999855671006798729649744927883148193359375,"SOUP":0.0239000000000000011046719095020307577215135097503662109375,"INGOT":0.033300000000000003208544541166702401824295520782470703125,"is_cash":false}