{"date_update":1736488319,"FOOD":1.075000000000000041351470858597139113044249825179576873779296875e-5,"GOLD":0.0001399999999999999877355050248439738425076939165592193603515625,"WOOD":3.920999999999999897741520538119175398605875670909881591796875e-5,"STONE":0,"PLANKS":0.08812499999999999500399638918679556809365749359130859375,"SOUP":0.10416667000000000287140977661692886613309383392333984375,"INGOT":0.042500000000000003053113317719180486164987087249755859375,"is_cash":false}