{"date_update":1736922695,"FOOD":9.700000000000000302210513558609505935237393714487552642822265625e-6,"GOLD":4.6459999999999999019915930542623527799150906503200531005859375e-5,"WOOD":1.571000000000000035847193269322730202475213445723056793212890625e-5,"STONE":0.000248139999999999992519317260075695230625569820404052734375,"PLANKS":0.08300000000000000432986979603811050765216350555419921875,"SOUP":0.095833329999999994353032661820179782807826995849609375,"INGOT":0.038219999999999997031263632152331410907208919525146484375,"is_cash":false}