{"date_update":1736936038,"FOOD":9.510000000000000427275402559157413406865089200437068939208984375e-6,"GOLD":4.46399999999999995046150169653031980487867258489131927490234375e-5,"WOOD":1.554000000000000029204937079807535837971954606473445892333984375e-5,"STONE":0.000248139999999999992519317260075695230625569820404052734375,"PLANKS":0.08300000000000000432986979603811050765216350555419921875,"SOUP":0.095833329999999994353032661820179782807826995849609375,"INGOT":0.038219999999999997031263632152331410907208919525146484375,"is_cash":false}