{"date_update":1731983618,"FOOD":6.799999999999999946397044592316660782671533524990081787109375e-5,"GOLD":5.45499999999999977962072961190642672590911388397216796875e-5,"WOOD":6.3999999999999997103879156856720555879292078316211700439453125e-5,"STONE":8.33300000000000034607039456346910810680128633975982666015625e-5,"PLANKS":0.0848899999999999932409622260820469819009304046630859375,"SOUP":0.049899999999999999911182158029987476766109466552734375,"INGOT":0.059799999999999998989697047591107548214495182037353515625,"is_cash":true}