{"date_update":1733871259,"FOOD":3.899999999999999929396754527743951257434673607349395751953125e-5,"GOLD":9.2109999999999997324744149818087635139818303287029266357421875e-5,"WOOD":5.574999999999999985948739844587862535263411700725555419921875e-5,"STONE":4.00000000000000032721221565612523818344925530254840850830078125e-5,"PLANKS":0.0969669999999999976392217604370671324431896209716796875,"SOUP":0.1666666699999999889936219688024721108376979827880859375,"INGOT":0.0970000000000000028865798640254070051014423370361328125,"is_cash":false}