{"date_update":1733589936,"FOOD":5.700000000000000313811476804204403379117138683795928955078125e-5,"GOLD":0.00016000000000000001308848862624500952733797021210193634033203125,"WOOD":7.2789999999999999342505108135270575075992383062839508056640625e-5,"STONE":4.00000000000000032721221565612523818344925530254840850830078125e-5,"PLANKS":0.096967999999999998639310661019408144056797027587890625,"SOUP":0.173999999999999988009591334048309363424777984619140625,"INGOT":0.0980000000000000037747582837255322374403476715087890625,"is_cash":true}