{"date_update":1734803943,"FOOD":4.11099999999999977267663153757126792697818018496036529541015625e-5,"GOLD":3.2799999999999997668705120634768945819814689457416534423828125e-5,"WOOD":1.855000000000000027230821764145929364531184546649456024169921875e-5,"STONE":3.33300000000000010646171444417262819115421734750270843505859375e-5,"PLANKS":0.0945600000000000051603166184577275998890399932861328125,"SOUP":0.137500000000000011102230246251565404236316680908203125,"INGOT":0.08179999999999999771294056927217752672731876373291015625,"is_cash":false}