{"date_update":1733793946,"FOOD":3.99000000000000008414276220225502811445039696991443634033203125e-5,"GOLD":0.00010202999999999999721465859803259945692843757569789886474609375,"WOOD":5.79600000000000007229807030828538927380577661097049713134765625e-5,"STONE":4.00000000000000032721221565612523818344925530254840850830078125e-5,"PLANKS":0.096967999999999998639310661019408144056797027587890625,"SOUP":0.1666666699999999889936219688024721108376979827880859375,"INGOT":0.0970000000000000028865798640254070051014423370361328125,"is_cash":false}