{"date_update":1738215489,"FOOD":7.829999999999999571562332711938125839878921397030353546142578125e-6,"GOLD":1.4739999999999999481217934083066012362905894406139850616455078125e-5,"WOOD":1.769999999999999994019540816569957542014890350401401519775390625e-5,"STONE":0.0003809999999999999910176018413920928651350550353527069091796875,"PLANKS":0.07649999999999999855671006798729649744927883148193359375,"SOUP":0.027900000000000001187938636348917498253285884857177734375,"INGOT":0.03339999999999999913402604079237789846956729888916015625,"is_cash":false}