{"date_update":1738689862,"FOOD":7.580000000000000271089574399585586661487468518316745758056640625e-6,"GOLD":1.2619999999999999450096994924042093089155969209969043731689453125e-5,"WOOD":9.399999999999999786390487976905916411851649172604084014892578125e-6,"STONE":0.0003809999999999999910176018413920928651350550353527069091796875,"PLANKS":0.07649999999999999855671006798729649744927883148193359375,"SOUP":0.0239000000000000011046719095020307577215135097503662109375,"INGOT":0,"is_cash":false}