{"date_update":1734354170,"FOOD":6.600000000000000506018837942434629439958371222019195556640625e-5,"GOLD":5.438999999999999932810690328466307619237340986728668212890625e-5,"WOOD":3.08499999999999977040067433708969701910973526537418365478515625e-5,"STONE":5.00000000000000023960868011929647991564706899225711822509765625e-5,"PLANKS":0.09457000000000000128341781646668096072971820831298828125,"SOUP":0.153571430000000008764260428506531752645969390869140625,"INGOT":0.0960000000000000019984014443252817727625370025634765625,"is_cash":true}