{"date_update":1736240341,"FOOD":1.2249999999999999604483047477287982474081218242645263671875e-5,"GOLD":0.0001666700000000000017434664822957302021677605807781219482421875,"WOOD":0.00016265999999999999100878944613413068509544245898723602294921875,"STONE":0,"PLANKS":0.08989999999999999380495552259162650443613529205322265625,"SOUP":0.10666667000000000509185582586724194698035717010498046875,"INGOT":0.043900000000000001521005543736464460380375385284423828125,"is_cash":false}