{"date_update":1733898960,"FOOD":3.74999999999999967148674173689215649574180133640766143798828125e-5,"GOLD":9.1000000000000002870099991003627337704529054462909698486328125e-5,"WOOD":5.42499999999999972803872705373606777357053942978382110595703125e-5,"STONE":4.00000000000000032721221565612523818344925530254840850830078125e-5,"PLANKS":0.0965000000000000024424906541753443889319896697998046875,"SOUP":0.1660000000000000086597395920762210153043270111083984375,"INGOT":0.0970000000000000028865798640254070051014423370361328125,"is_cash":true}