{"date_update":1739198432,"FOOD":0.000246000000000000016396606294932780656381510198116302490234375,"GOLD":0.0023949999999999999934774397303272053250111639499664306640625,"WOOD":0.00120549999999999997435384813115888391621410846710205078125,"STONE":0.0003809999999999999910176018413920928651350550353527069091796875,"PLANKS":0.074651159999999994187902530029532499611377716064453125,"SOUP":0.023500000000000000055511151231257827021181583404541015625,"INGOT":0.040000000000000000832667268468867405317723751068115234375,"is_cash":true}