{"date_update":1735006061,"FOOD":3.54799999999999991144410127485997463736566714942455291748046875e-5,"GOLD":3.22800000000000026473788439229650748529820702970027923583984375e-5,"WOOD":1.5469999999999999268189554424424159151385538280010223388671875e-5,"STONE":3.33300000000000010646171444417262819115421734750270843505859375e-5,"PLANKS":0.0945600000000000051603166184577275998890399932861328125,"SOUP":0.125,"INGOT":0.07104000000000000591970916730133467353880405426025390625,"is_cash":false}