{"date_update":1731041768,"FOOD":0.000120000000000000003040102891649354432956897653639316558837890625,"GOLD":0.000111999999999999998319920313516462329062051139771938323974609375,"WOOD":0.0002546299999999999930620775412393186343251727521419525146484375,"STONE":0.0001900000000000000104603825601401467793039046227931976318359375,"PLANKS":0.1640000000000000068833827526759705506265163421630859375,"SOUP":0.08333332999999999712859022338307113386690616607666015625,"INGOT":0.08500000000000000610622663543836097232997417449951171875,"is_cash":true}