{"date_update":1734684590,"FOOD":4.60000000000000000359955121265187472090474329888820648193359375e-5,"GOLD":3.55000000000000023110853508701012515302863903343677520751953125e-5,"WOOD":2.156000000000000025256706448484322891090414486825466156005859375e-5,"STONE":0,"PLANKS":0.0945600000000000051603166184577275998890399932861328125,"SOUP":0.1430555599999999982774312456967891193926334381103515625,"INGOT":0.08509999999999999509281423115680809132754802703857421875,"is_cash":false}