{"date_update":1732199186,"FOOD":0.00012464999999999999409465434307975328920292668044567108154296875,"GOLD":9.7999999999999996835864379818303859792649745941162109375e-5,"WOOD":9.0000000000000005668208957754217180990963242948055267333984375e-5,"STONE":8.2109999999999998200779505186375217817840166389942169189453125e-5,"PLANKS":0.07979999999999999593658372987192706204950809478759765625,"SOUP":0.049833330000000002069082682965017738752067089080810546875,"INGOT":0.037374999999999998501198916756038670428097248077392578125,"is_cash":true}