{"date_update":1733085958,"FOOD":4.77799999999999999342713274952387791927321814000606536865234375e-5,"GOLD":3.85699999999999983287500560091842771726078353822231292724609375e-5,"WOOD":5.0800000000000001512852343399373467036639340221881866455078125e-5,"STONE":4.00000000000000032721221565612523818344925530254840850830078125e-5,"PLANKS":0.040000000000000000832667268468867405317723751068115234375,"SOUP":0.035200000000000002120525977034048992209136486053466796875,"INGOT":0.02085700000000000053912430075797601602971553802490234375,"is_cash":false}