{"date_update":1734248364,"FOOD":2.449999999999999920896609495457596494816243648529052734375e-5,"GOLD":6.39799999999999939072348187352190507226623594760894775390625e-5,"WOOD":3.38500000000000028622069991879328654249547980725765228271484375e-5,"STONE":5.00000000000000023960868011929647991564706899225711822509765625e-5,"PLANKS":0.0965000000000000024424906541753443889319896697998046875,"SOUP":0.1558846200000000015162271438384777866303920745849609375,"INGOT":0.0960000000000000019984014443252817727625370025634765625,"is_cash":false}