{"date_update":1734634338,"FOOD":4.89999999999999984179321899091519298963248729705810546875e-5,"GOLD":3.64999999999999995129763841195114082438522018492221832275390625e-5,"WOOD":2.22999999999999999437949593783514501410536468029022216796875e-5,"STONE":5.00000000000000023960868011929647991564706899225711822509765625e-5,"PLANKS":0.0945600000000000051603166184577275998890399932861328125,"SOUP":0.1455882400000000076456529995994060300290584564208984375,"INGOT":0.08855000000000000370814490224802284501492977142333984375,"is_cash":true}