{"date_update":1731084110,"FOOD":0.000106979999999999995561293653079104615244432352483272552490234375,"GOLD":0.00017499999999999999822190843712377272822777740657329559326171875,"WOOD":0.0001939800000000000096238295110850913260946981608867645263671875,"STONE":8.33300000000000034607039456346910810680128633975982666015625e-5,"PLANKS":0.1640000000000000068833827526759705506265163421630859375,"SOUP":0.05000000000000000277555756156289135105907917022705078125,"INGOT":0.08198999999999999344080237051457515917718410491943359375,"is_cash":true}