{"date_update":1737734103,"FOOD":8.300000000000000153804920188793659008297254331409931182861328125e-6,"GOLD":1.6670000000000001331469656751238517244928516447544097900390625e-5,"WOOD":3.240000000000000149845413854876596815302036702632904052734375e-5,"STONE":0.0003809999999999999910176018413920928651350550353527069091796875,"PLANKS":0.07900000000000000077715611723760957829654216766357421875,"SOUP":0.07399999999999999633626401873698341660201549530029296875,"INGOT":0.035599999999999999700239783351207734085619449615478515625,"is_cash":false}