{"date_update":1734160554,"FOOD":2.799999999999999957998007837911558226551278494298458099365234375e-5,"GOLD":7.1000000000000004622170701740202503060572780668735504150390625e-5,"WOOD":4.50000000000000028341044788771085904954816214740276336669921875e-5,"STONE":5.00000000000000023960868011929647991564706899225711822509765625e-5,"PLANKS":0.0965000000000000024424906541753443889319896697998046875,"SOUP":0.161700000000000010391687510491465218365192413330078125,"INGOT":0.0970000000000000028865798640254070051014423370361328125,"is_cash":true}