{"date_update":1732006132,"FOOD":6.799999999999999946397044592316660782671533524990081787109375e-5,"GOLD":5.45499999999999977962072961190642672590911388397216796875e-5,"WOOD":5.44500000000000021417763396147648791156825609505176544189453125e-5,"STONE":8.33300000000000034607039456346910810680128633975982666015625e-5,"PLANKS":0.0848899999999999932409622260820469819009304046630859375,"SOUP":0.049899999999999999911182158029987476766109466552734375,"INGOT":0.052499999999999998057109706905976054258644580841064453125,"is_cash":true}