{"date_update":1732862624,"FOOD":5.00000000000000023960868011929647991564706899225711822509765625e-5,"GOLD":4.69999999999999972378865453759289039226132445037364959716796875e-5,"WOOD":3.40399999999999993490103211701836016800370998680591583251953125e-5,"STONE":4.00000000000000032721221565612523818344925530254840850830078125e-5,"PLANKS":0.0566666700000000023162982643043505959212779998779296875,"SOUP":0.03529411999999999827171137667392031289637088775634765625,"INGOT":0.0210953000000000008562484055119057302363216876983642578125,"is_cash":false}