{"date_update":1740528003,"FOOD":0.0002071999999999999948589735065951344950008206069469451904296875,"GOLD":0.0003893599999999999990672738814367903614765964448451995849609375,"WOOD":4.800000000000000121604115665974177318275906145572662353515625e-5,"STONE":0.00200000000000000004163336342344337026588618755340576171875,"PLANKS":0.07199999999999999455990717933673295192420482635498046875,"SOUP":0.0201999999999999992061905373930130735971033573150634765625,"INGOT":0.040000000000000000832667268468867405317723751068115234375,"is_cash":false}