{"date_update":1733365087,"FOOD":8.0000000000000006544244313122504763668985106050968170166015625e-5,"GOLD":0.0002802799999999999931189764712513579070218838751316070556640625,"WOOD":0.000131099999999999988244125948000373682589270174503326416015625,"STONE":4.00000000000000032721221565612523818344925530254840850830078125e-5,"PLANKS":0.09888500000000000067501559897209517657756805419921875,"SOUP":0.176999999999999990674126593148685060441493988037109375,"INGOT":0.0999899999999999955502261173023725859820842742919921875,"is_cash":true}