{"date_update":1732135640,"FOOD":6.09300000000000010862144517176375302369706332683563232421875e-5,"GOLD":5.14999999999999981989233510670800342268194071948528289794921875e-5,"WOOD":3.52999999999999974496962817926970501503092236816883087158203125e-5,"STONE":8.2109999999999998200779505186375217817840166389942169189453125e-5,"PLANKS":0.07979999999999999593658372987192706204950809478759765625,"SOUP":0.049899999999999999911182158029987476766109466552734375,"INGOT":0.037374999999999998501198916756038670428097248077392578125,"is_cash":false}