{"date_update":1731452343,"FOOD":0.000120000000000000003040102891649354432956897653639316558837890625,"GOLD":9.899999999999999403775541306771401650621555745601654052734375e-5,"WOOD":0.000109000000000000006714247213768231858921353705227375030517578125,"STONE":8.33300000000000034607039456346910810680128633975982666015625e-5,"PLANKS":0.0960000000000000019984014443252817727625370025634765625,"SOUP":0.05000000000000000277555756156289135105907917022705078125,"INGOT":0.09499000000000000498712182661620317958295345306396484375,"is_cash":true}