{"date_update":1734349761,"FOOD":6.600000000000000506018837942434629439958371222019195556640625e-5,"GOLD":5.55000000000000005590146401335260861742426641285419464111328125e-5,"WOOD":3.08999999999999989193540106402480205360916443169116973876953125e-5,"STONE":5.00000000000000023960868011929647991564706899225711822509765625e-5,"PLANKS":0.09457000000000000128341781646668096072971820831298828125,"SOUP":0.153571430000000008764260428506531752645969390869140625,"INGOT":0.0960000000000000019984014443252817727625370025634765625,"is_cash":true}