{"date_update":1734196445,"FOOD":2.6460000000000000771986641279198693155194632709026336669921875e-5,"GOLD":6.5679999999999994571460437686738487172988243401050567626953125e-5,"WOOD":3.9390000000000000642159936337094450209406204521656036376953125e-5,"STONE":5.00000000000000023960868011929647991564706899225711822509765625e-5,"PLANKS":0.0965000000000000024424906541753443889319896697998046875,"SOUP":0.1588461499999999915200277200710843317210674285888671875,"INGOT":0.0960000000000000019984014443252817727625370025634765625,"is_cash":true}