{"date_update":1734166652,"FOOD":2.76000000000000000215973072759112483254284597933292388916015625e-5,"GOLD":6.999999999999999386775251242198692125384695827960968017578125e-5,"WOOD":4.47999999999999979727154097997043891155044548213481903076171875e-5,"STONE":5.00000000000000023960868011929647991564706899225711822509765625e-5,"PLANKS":0.0965000000000000024424906541753443889319896697998046875,"SOUP":0.161700000000000010391687510491465218365192413330078125,"INGOT":0.0970000000000000028865798640254070051014423370361328125,"is_cash":true}